Project ID,Project Name,Sector,Status,Project Manager,Person Responsible,Start Date,End Date,Budget (KES),County,Longitude,Latitude
P0001,Digital Hub,ICT,Ongoing,Chebet Toroitich,Samuel Ekidor,19/04/2025,27/08/2026,2917313284,Kitui,37.95680412,-2.023002004
P0002,Gishu Water Pipeline,Water,Ongoing,Ahmed Noor,Francis Kiprotich,21/11/2024,02/05/2026,259729599,Kitui,38.18449501,-1.425546923
P0003,Eco-Tourism Project,Tourism,Design,Fatma Hassan,Grace Achieng,25/12/2025,26/03/2027,515666271,Kitui,37.97785453,-1.501155298
P0004,Resort Development,Tourism,Ongoing,Mercy Hussein,Mercy Onyango,10/07/2025,30/03/2026,2877103926,Kitui,38.68139831,-2.93144502
P0005,Highway Upgrade,Transport,Completed,David Kiprotich,Samuel Ekal,04/04/2024,13/11/2024,819670683,Kitui,38.63040679,-2.105570264
P0006,E-Government System,ICT,Design,Joseph Abdalla,Mercy Ekidor,16/11/2025,17/06/2028,817115278,Kitui,38.26708452,-1.971670114
P0007,Agro-Processing Plant,Agriculture,Design,James Mutua,David Ekal,01/12/2025,06/07/2026,1780140697,Kitui,38.54541755,-2.607918035
P0008,Biogas Initiative,Energy,Design,Abdi Chebet,Abdi Noor,12/04/2026,25/01/2027,1447143608,Kitui,38.67075679,-2.333894587
P0009,Cultural Center,Tourism,Ongoing,Daniel Abdalla,James Ekal,22/07/2024,28/09/2026,2666810843,Kitui,38.86993704,-1.989705802
P0010,Wind Farm,Energy,Design,Rebecca Nduku,Joseph Adan,28/12/2025,25/12/2026,729372036,Kitui,38.80915357,-1.903427325
P0011,Bypass Road,Transport,Design,Joseph Chepngeno,David Mutua,22/02/2026,09/09/2026,1319895594,Kitui,38.65059673,-2.968806045
P0012,Agro-Processing Plant,Agriculture,Design,Hassan Kiprotich,Peter Adan,01/01/2026,18/03/2028,1556864727,Kitui,38.19880722,-0.925556423
P0013,Solar Power Plant,Energy,Completed,Janet Kibet,Rose Onyango,05/11/2022,19/10/2023,2643917579,Kitui,38.34783014,-1.24938334
P0014,Affordable Housing,Housing,Completed,Rose Otieno,James Kibet,07/04/2021,28/09/2023,461835466,Kitui,38.65358516,-2.981245546
P0015,Affordable Housing,Housing,Completed,Fatma Cherono,Peter Chepngeno,26/08/2022,26/07/2023,160925425,Kitui,37.99915551,-2.025917536
P0016,Greenhouse Project,Agriculture,Ongoing,Grace Otieno,James Achieng,22/05/2025,23/02/2028,2779672093,Kitui,38.13153249,-1.278217586
P0017,Cultural Center,Tourism,Design,Rebecca Mwangi,Halima Adan,08/12/2025,17/04/2028,1950864987,Kitui,38.18186524,-1.164220169
P0018,Resort Development,Tourism,Completed,Peter Hussein,Ali Kiprotich,22/03/2021,26/02/2023,2265800801,Kitui,38.49063593,-0.845323977
P0019,E-Government System,ICT,Completed,Sarah Hussein,Chebet Kibet,28/11/2022,10/03/2024,2936571044,Kitui,38.49520087,-0.599384516
P0020,Digital Hub,ICT,Completed,Francis Adan,Peter Toroitich,21/11/2022,07/05/2024,2652182699,Kitui,38.20904256,-1.307848808
P0021,Smart City Project,ICT,Ongoing,Francis Mutua,Mercy Chebet,31/01/2025,28/03/2026,955553730,Kitui,38.75908682,-2.138921247
P0022,Sanitation Project,Water,Ongoing,Fatma Kibet,James Hassan,10/01/2025,26/09/2027,2752563785,Kitui,38.61129183,-2.484970487
P0023,Solar Power Plant,Energy,Design,Abdi Chepngeno,Peter Achieng,27/05/2026,01/04/2028,2321233337,Kitui,38.41737651,-1.297080651
P0024,Water Pipeline,Water,Ongoing,Grace Achieng,Hassan Onyango,16/07/2025,02/10/2026,2409993706,Kitui,38.60472125,-1.944610387
P0025,Bypass Road,Transport,Design,Samuel Toroitich,Samuel Hussein,25/10/2025,12/12/2027,2404910210,Kitui,38.70552318,-2.32951804
P0026,Resort Development,Tourism,Design,Peter Cherono,Hassan Ekal,04/01/2026,06/08/2028,593727898,Kitui,38.61347258,-0.462651061
P0027,Digital Learning Center,Education,Design,Rose Kibet,Janet Hassan,19/10/2025,24/02/2028,1830105956,Kitui,38.04555436,-1.222377307
P0028,Farm Input Program,Agriculture,Design,Mercy Onyango,Grace Onyango,02/02/2026,30/05/2027,2003411114,Kitui,37.87427496,-1.627178921
P0029,Digital Hub,ICT,Ongoing,Abdi Hussein,Grace Ekal,05/09/2024,22/04/2026,416713213,Kitui,38.62870309,-2.498548637
P0030,Referral Hospital,Health,Design,Rebecca Ekidor,Mercy Ekidor,06/11/2025,02/07/2027,1271012887,Kitui,38.41337253,-2.083637593
P0031,Bridge Construction,Transport,Ongoing,Rose Mohamed,Grace Achieng,01/02/2024,21/04/2027,2490935750,Kitui,38.82356257,-1.441382704
P0032,Irrigation Scheme,Agriculture,Ongoing,Grace Mutua,Daniel Mutua,12/05/2024,26/03/2027,1046335194,Kitui,38.63275937,-2.936527203
P0033,Gishu Library Project,Education,Ongoing,Hassan Noor,Hassan Abdalla,09/06/2025,02/08/2027,46339584,Kitui,38.55226246,-2.823123976
P0034,Mini Hydro Project,Energy,Completed,Grace Ekidor,Chebet Chebet,28/04/2023,07/12/2023,1011148403,Kitui,37.95175745,-0.995058527
P0035,Wind Farm,Energy,Ongoing,Abdi Kibet,Chebet Toroitich,06/05/2025,23/12/2025,1148384310,Kitui,38.00655772,-0.405187297
P0036,Innovation Center,ICT,Design,James Toroitich,Halima Cherono,19/02/2027,17/10/2027,665622849,Kitui,37.94263701,-1.343027428
P0037,Mini Hydro Project,Energy,Completed,Francis Chebet,Sarah Otieno,21/06/2021,02/01/2023,2502760183,Kitui,38.60690039,-2.089246449
P0038,School Construction,Education,Completed,Hassan Toroitich,Mercy Noor,17/11/2023,02/06/2024,452197081,Kitui,38.30210568,-1.125345617
P0039,Digital Hub,ICT,Design,Fatma Noor,Mercy Chebet,22/11/2025,25/09/2026,1207781598,Kitui,38.4644239,-1.478989305
P0040,Urban Renewal Project,Housing,Ongoing,Mercy Achieng,Chebet Ekidor,11/05/2025,24/09/2027,2376197264,Kitui,38.81724579,-1.512961061
P0041,Resort Development,Tourism,Design,Daniel Hussein,Janet Noor,15/08/2026,24/12/2028,2781058239,Kitui,38.43515018,-2.491892076
P0042,Greenhouse Project,Agriculture,Ongoing,Daniel Ekidor,James Noor,11/04/2025,29/01/2028,2390828340,Kitui,38.24700104,-0.567413838
P0043,Bypass Road,Transport,Ongoing,Sarah Kibet,Francis Noor,19/07/2024,21/07/2027,655327545,Kitui,38.9028418,-1.603612306
P0044,Clinic Construction,Health,Completed,Peter Toroitich,Janet Toroitich,17/02/2023,07/09/2024,1848457986,Kitui,38.47667277,-0.84881778
P0045,Wind Farm,Energy,Design,Francis Otieno,Janet Onyango,01/07/2026,01/12/2027,461744986,Kitui,38.66593249,-2.996428547
P0046,Agro-Processing Plant,Agriculture,Design,Mercy Hassan,Ahmed Hassan,06/07/2026,16/07/2028,2702228754,Kitui,38.61630015,-1.185781156
P0047,School Construction,Education,Ongoing,Daniel Toroitich,Halima Kiprotich,23/02/2024,06/03/2026,1362225079,Kitui,38.2330301,-1.870922889
P0048,Irrigation Scheme,Agriculture,Design,Ali Chebet,Ahmed Ekal,22/12/2026,12/03/2028,566953572,Kitui,38.47594402,-0.821005848
P0049,Borehole Drilling,Water,Ongoing,Abdi Toroitich,Joseph Mohamed,13/01/2024,08/04/2026,2979240990,Kitui,38.27683391,-1.268251907
P0050,Eco-Tourism Project,Tourism,Design,Abdi Onyango,Halima Mwangi,01/09/2026,17/05/2027,1698002544,Kitui,38.53385479,-2.749696696
P0051,Smart City Project,ICT,Completed,Ali Ekidor,Grace Onyango,07/11/2023,27/05/2025,1744375985,Kitui,38.0933333,-1.698098278
P0052,Irrigation Scheme,Agriculture,Ongoing,Ahmed Adan,Ahmed Ekidor,23/05/2025,23/02/2027,1627846518,Kitui,38.49015405,-2.0136175
P0053,Resettlement Housing,Housing,Ongoing,Peter Abdalla,James Kiprotich,07/03/2024,04/03/2026,2370178008,Kitui,37.72942295,-1.324274989
P0054,Water Pipeline,Water,Completed,Chebet Mwangi,Hassan Achieng,08/12/2022,13/12/2024,2961713834,Kitui,38.62182043,-1.506336477
P0055,Wildlife Conservancy,Tourism,Design,Peter Mutua,Sarah Hussein,06/02/2026,26/09/2028,2260759164,Kitui,38.44587567,-0.831461663
P0056,School Construction,Education,Completed,Samuel Kibet,Ali Cherono,02/06/2021,01/10/2023,1455402466,Kitui,38.04274743,-1.080988095
P0057,Bridge Construction,Transport,Design,Samuel Chebet,Chebet Kibet,28/09/2026,25/04/2029,967980798,Kitui,38.56779892,-0.452493938
P0058,Cultural Center,Tourism,Completed,Halima Ekidor,Ali Mohamed,08/10/2021,20/12/2022,1549989166,Kitui,38.27051489,-1.780555361
P0059,Medical Supply Chain,Health,Completed,Joseph Nduku,Rebecca Nduku,03/05/2022,09/03/2023,1844475883,Kitui,38.29226483,-0.087213864
P0060,Smart City Project,ICT,Design,Abdi Ekidor,Sarah Chebet,16/09/2026,29/10/2027,1533320988,Kitui,38.59686872,-2.11525896
P0061,Irrigation Scheme,Agriculture,Ongoing,Chebet Cherono,Janet Hassan,15/03/2025,01/02/2027,2973616785,Kitui,38.49102426,-1.764289059
P0062,Innovation Center,ICT,Design,Joseph Abdalla,Peter Onyango,29/03/2027,03/07/2029,1998590062,Kitui,38.63171563,-0.985491496
P0063,Urban Renewal Project,Housing,Design,Mercy Kibet,Rose Mwangi,13/10/2025,19/06/2027,1919344158,Kitui,38.08839578,-2.136397674
P0064,Highway Upgrade,Transport,Design,David Noor,James Nduku,16/10/2026,27/08/2028,65849558,Kitui,38.61045178,-2.937895974
P0065,Farm Input Program,Agriculture,Completed,Ali Achieng,Sarah Abdalla,06/02/2022,30/07/2023,1206251508,Kitui,37.88610817,-1.051450252
P0066,Affordable Housing,Housing,Design,Abdi Abdalla,Halima Onyango,14/04/2026,10/12/2026,1098384157,Kitui,38.46117015,-0.483693364
P0067,School Construction,Education,Ongoing,Peter Ekal,Ali Chepngeno,09/06/2025,06/12/2026,2081611934,Kitui,37.89083912,-0.544196477
P0068,Technical Institute,Education,Ongoing,Samuel Achieng,Rebecca Mutua,29/03/2024,22/09/2026,1796194943,Kitui,38.38289514,-0.472060433
P0069,Sanitation Project,Water,Ongoing,Daniel Ekal,Francis Toroitich,23/05/2024,21/03/2026,2824472162,Kitui,38.77374745,-1.395195317
P0070,Solar Power Plant,Energy,Design,Peter Cherono,Grace Achieng,29/05/2026,10/10/2028,375372439,Kitui,38.50147578,-1.492385031
P0071,Medical Supply Chain,Health,Ongoing,Joseph Abdalla,Samuel Otieno,30/04/2025,30/11/2026,500869802,Kitui,38.64416186,-1.915361651
P0072,Highway Upgrade,Transport,Design,Joseph Toroitich,Janet Mutua,02/11/2025,07/02/2028,527214016,Kitui,37.90377101,-1.310396783
P0073,Biogas Initiative,Energy,Ongoing,Ali Adan,Francis Chepngeno,29/01/2024,02/10/2027,1846596819,Kitui,38.82528591,-1.259477962
P0074,Irrigation Scheme,Agriculture,Ongoing,Mercy Kibet,Daniel Mohamed,10/02/2025,27/12/2027,2637830593,Kitui,38.07516927,-1.029958731
P0075,Cultural Center,Tourism,Completed,Rebecca Adan,Mercy Mutua,21/01/2022,10/06/2024,1315902233,Kitui,38.36002493,-1.002167047
P0076,Greenhouse Project,Agriculture,Completed,James Cherono,Joseph Abdalla,08/12/2022,08/06/2023,1539589434,Kitui,38.57503842,-2.740177444
P0077,School Construction,Education,Design,Grace Nduku,Joseph Nduku,15/02/2026,06/09/2027,2788312472,Kitui,38.24466962,-0.387246463
P0078,Highway Upgrade,Transport,Completed,Halima Noor,Ahmed Otieno,27/09/2020,22/02/2023,2749599402,Kitui,38.62101329,-2.416738428
P0079,Smart City Project,ICT,Design,Mercy Ekal,Samuel Hussein,26/01/2027,31/07/2029,60267267,Kitui,38.95841975,-1.582512468
P0080,Library Project,Education,Ongoing,Daniel Mutua,Sarah Hassan,11/03/2024,01/09/2027,1592999726,Kitui,37.9254445,-1.529386656
P0081,Estate Development,Housing,Design,Peter Toroitich,Halima Otieno,30/03/2026,21/11/2028,1786596675,Kitui,38.55152389,-0.710804361
P0082,Gishu Mini Hydro Project,Energy,Design,Rose Achieng,Janet Noor,30/07/2026,10/01/2029,1088560584,Kitui,38.66847924,-2.757864861
P0083,Resort Development,Tourism,Completed,Rose Hassan,Grace Nduku,31/12/2021,25/06/2023,1945303054,Kitui,38.17193744,-2.037031277
P0084,Gishu Referral Hospital,Health,Ongoing,Samuel Chepngeno,Rebecca Ekidor,05/10/2024,20/11/2026,2811826837,Kitui,38.05542699,-1.204885451
P0085,Gishu Cultural Center,Tourism,Completed,Sarah Mutua,Samuel Mohamed,09/10/2021,26/05/2023,1509450849,Kitui,38.13209599,-1.790563279
P0086,Medical Supply Chain,Health,Design,Ali Noor,Francis Hussein,22/05/2026,11/09/2028,86318994,Kitui,37.88425803,-1.289808012
P0087,School Construction,Education,Design,Samuel Mutua,James Hussein,29/03/2026,01/11/2027,2221030004,Kitui,37.98444196,-0.501322696
P0088,E-Government System,ICT,Ongoing,Francis Kibet,Sarah Abdalla,28/01/2025,10/09/2026,1752965792,Kitui,38.0487645,-1.781987654
P0089,Gishu Agro-Processing Plant,Agriculture,Ongoing,Hassan Toroitich,Ali Hussein,29/05/2025,19/06/2027,569858720,Kitui,38.65723758,-0.499449558
P0090,Gishu Urban Renewal Project,Housing,Completed,Daniel Hassan,Janet Onyango,04/07/2022,08/04/2023,1830855148,Kitui,38.38702439,-2.658224389
P0091,Cultural Center,Tourism,Design,Joseph Hassan,Sarah Abdalla,08/11/2026,25/12/2027,2766394120,Kitui,38.50388762,-1.014997089
P0092,Mini Hydro Project,Energy,Ongoing,Halima Chepngeno,James Mohamed,25/11/2024,03/12/2025,2658549279,Kitui,38.85547232,-1.541019329
P0093,Eco-Tourism Project,Tourism,Completed,Francis Adan,James Chebet,10/06/2022,17/12/2024,1103915477,Kitui,38.49187407,-1.113598294
P0094,Gishu Smart City Project,ICT,Ongoing,Joseph Hussein,Grace Achieng,09/11/2024,12/11/2025,669122939,Kitui,38.76988402,-2.806544907
P0095,Smart City Project,ICT,Ongoing,Hassan Mutua,Ahmed Chepngeno,16/01/2025,17/12/2026,2672205010,Kitui,38.52169646,-0.628221127
P0096,Resort Development,Tourism,Design,Chebet Otieno,Ahmed Adan,08/11/2025,20/02/2028,2879117418,Kitui,37.99065297,-1.59860405
P0097,Wildlife Conservancy,Tourism,Design,Grace Kibet,Joseph Cherono,21/12/2026,18/07/2027,2320692918,Kitui,38.22981773,-1.695361793
P0098,Agro-Processing Plant,Agriculture,Ongoing,Rebecca Hussein,Janet Kibet,18/01/2024,21/04/2027,1951216359,Kitui,38.51613882,-0.748020393
P0099,Bridge Construction,Transport,Completed,Janet Achieng,Abdi Otieno,26/03/2022,01/01/2024,1344137990,Kitui,38.89406053,-1.489068844
P0100,Water Pipeline,Water,Design,Abdi Onyango,Sarah Achieng,27/04/2026,26/02/2027,1569050510,Kitui,38.85223729,-1.461940911
P0101,Mini Hydro Project,Energy,Design,Samuel Chebet,David Ekal,31/03/2026,23/12/2026,2412782397,Kitui,38.31906651,-1.571716234
P0102,Affordable Housing,Housing,Completed,Daniel Onyango,Fatma Noor,16/11/2020,23/05/2023,549710264,Kitui,38.33564793,-2.404627463
P0103,Innovation Center,ICT,Design,Francis Noor,James Ekidor,11/07/2026,07/11/2027,623308412,Kitui,38.15796588,-1.898219762
P0104,Medical Supply Chain,Health,Completed,Chebet Kiprotich,Daniel Ekidor,06/03/2021,05/05/2023,1087599065,Kitui,38.64111274,-2.120090768
P0105,Wildlife Conservancy,Tourism,Ongoing,Rose Mwangi,Daniel Onyango,07/05/2024,15/09/2027,1944161413,Kitui,38.74615844,-2.633504463
P0106,Estate Development,Housing,Completed,Ahmed Ekal,Rebecca Hussein,15/03/2024,22/03/2025,117962526,Kitui,38.88363539,-1.748512194
P0107,Water Pipeline,Water,Design,Rebecca Mohamed,Rose Kiprotich,03/03/2026,28/11/2026,2362522637,Kitui,38.71107016,-1.889344761
P0108,Technical Institute,Education,Ongoing,Francis Otieno,Sarah Mohamed,26/07/2024,22/04/2028,1633421919,Kitui,38.39625049,-0.995270509
P0109,Agro-Processing Plant,Agriculture,Ongoing,Abdi Hussein,Francis Cherono,07/02/2024,27/09/2026,38497263,Kitui,38.42384252,-2.640890413
P0110,Wind Farm,Energy,Ongoing,Joseph Mwangi,Mercy Hassan,14/11/2024,05/08/2027,1711187753,Kitui,38.89945174,-2.805255999
P0111,Wildlife Conservancy,Tourism,Ongoing,Peter Toroitich,James Ekal,01/04/2024,26/03/2027,841262521,Kitui,38.84014608,-2.849738205
P0112,Water Pipeline,Water,Design,David Chebet,Fatma Abdalla,16/11/2025,30/01/2027,147278214,Kitui,38.32898003,-2.425108278
P0113,Clinic Construction,Health,Completed,Abdi Chepngeno,Mercy Nduku,02/08/2022,29/06/2024,2737817338,Kitui,38.29031731,-1.249268573
P0114,Smart City Project,ICT,Completed,Ali Toroitich,Sarah Achieng,23/12/2022,05/10/2024,2338070135,Kitui,38.33913452,-1.119145684
P0115,Wildlife Conservancy,Tourism,Completed,Francis Kiprotich,Samuel Chepngeno,14/05/2024,24/03/2025,2941164414,Kitui,38.84544145,-0.960939593
P0116,Borehole Drilling,Water,Completed,Abdi Noor,Abdi Chepngeno,24/07/2021,08/07/2023,657782328,Kitui,38.02227099,-1.525610772
P0117,Gishu Medical Supply Chain,Health,Completed,Ahmed Chebet,David Mutua,02/02/2021,10/01/2023,805314402,Kitui,38.19362959,-0.202202177
P0118,Borehole Drilling,Water,Ongoing,Rose Hassan,James Kibet,13/02/2024,22/12/2025,2197629764,Kitui,38.02351657,-0.487325197
P0119,Wind Farm,Energy,Completed,Halima Nduku,Joseph Mohamed,01/07/2022,16/03/2023,1426328971,Kitui,38.37167864,-1.074479435
P0120,Wind Farm,Energy,Ongoing,Ali Chebet,Halima Kiprotich,13/01/2024,01/06/2026,1278533472,Kitui,38.39132067,-0.699577661
P0121,Bus Rapid Transit,Transport,Design,Rose Ekidor,Francis Adan,07/01/2027,27/01/2028,445229707,Kitui,38.59560213,-0.557515371
P0122,Smart City Project,ICT,Ongoing,Hassan Mohamed,Rose Cherono,21/01/2025,28/12/2025,239500250,Kitui,38.40381056,-0.905682958
P0123,Affordable Housing,Housing,Ongoing,Francis Hassan,Abdi Kiprotich,22/07/2025,23/10/2026,1785033246,Kitui,38.89957761,-1.34408898
P0124,Wind Farm,Energy,Design,Joseph Mwangi,Joseph Onyango,11/12/2026,22/05/2029,2164175223,Kitui,38.20927784,-1.319242764
P0125,Mini Hydro Project,Energy,Ongoing,Hassan Adan,Sarah Ekal,13/04/2024,21/04/2027,2320551331,Kitui,37.85949819,-0.959120223
P0126,Wind Farm,Energy,Design,Francis Achieng,Chebet Kiprotich,10/12/2025,20/06/2028,2964265401,Kitui,38.88757585,-1.505612703
P0127,Estate Development,Housing,Design,Francis Hussein,Janet Cherono,05/02/2026,30/05/2027,606129222,Kitui,38.51088539,-0.622615096
P0128,School Construction,Education,Design,Peter Adan,David Onyango,26/06/2026,03/03/2028,873713670,Kitui,38.29546156,-0.673529364
P0129,Farm Input Program,Agriculture,Ongoing,Rebecca Abdalla,Janet Mwangi,18/05/2024,10/12/2025,2878445746,Kitui,38.51355999,-0.713169625
P0130,Gishu Bypass Road,Transport,Design,Sarah Achieng,Abdi Noor,09/12/2026,30/08/2029,376312527,Kitui,38.43863492,-2.106240183
P0131,Biogas Initiative,Energy,Completed,Janet Hussein,Fatma Noor,30/08/2022,25/01/2025,190947495,Kitui,38.4286497,-1.405038242
P0132,Bridge Construction,Transport,Completed,Francis Abdalla,Rebecca Ekal,21/05/2022,26/04/2023,1511189837,Kitui,38.63505885,-1.696278205
P0133,Health Center Upgrade,Health,Completed,Sarah Ekal,Rebecca Kibet,05/05/2022,14/08/2024,1427714898,Kitui,37.73234044,-1.261274172
P0134,Innovation Center,ICT,Completed,Samuel Hassan,Janet Noor,03/08/2022,09/07/2024,2199215367,Kitui,38.09898021,-1.618413182
P0135,E-Government System,ICT,Ongoing,Peter Noor,Ahmed Hussein,28/04/2024,12/09/2026,594867149,Kitui,38.00217105,-0.891578738
P0136,E-Government System,ICT,Completed,David Hassan,David Mutua,08/05/2023,17/04/2024,1284078884,Kitui,38.72388955,-0.707515622
P0137,Irrigation Scheme,Agriculture,Ongoing,Mercy Cherono,Daniel Mohamed,12/04/2025,25/12/2027,2807262140,Kitui,38.78943936,-2.31974898
P0138,Water Pipeline,Water,Design,David Kibet,Sarah Mohamed,06/07/2026,24/02/2028,282529114,Kitui,37.96224476,-1.489256081
P0139,Agro-Processing Plant,Agriculture,Completed,Ahmed Chebet,Rebecca Onyango,20/09/2021,11/04/2024,1025684715,Kitui,38.60268293,-1.142855928
P0140,Gishu Wildlife Conservancy,Tourism,Completed,David Chebet,Abdi Kibet,02/08/2023,05/04/2025,2086391286,Kitui,37.8929115,-1.511764021
P0141,Wind Farm,Energy,Completed,Ahmed Ekidor,Daniel Nduku,15/10/2022,16/04/2023,1673331867,Kitui,38.70445666,-0.678486916
P0142,Solar Power Plant,Energy,Design,Rose Hussein,Janet Kiprotich,05/10/2025,14/11/2027,1841673052,Kitui,38.83973952,-1.462058926
P0143,Smart City Project,ICT,Completed,Daniel Achieng,Ali Cherono,04/04/2021,28/08/2023,1154137742,Kitui,38.54036803,-1.835812455
P0144,Digital Hub,ICT,Completed,Abdi Chebet,Hassan Mwangi,23/10/2023,26/05/2025,2281271190,Kitui,38.13504923,-1.394205803
P0145,Mini Hydro Project,Energy,Completed,Sarah Mwangi,Mercy Mohamed,21/11/2021,01/07/2024,1953379431,Kitui,38.78746374,-0.905037233
P0146,Health Center Upgrade,Health,Ongoing,Hassan Ekidor,Peter Chebet,16/05/2025,20/02/2027,340662781,Kitui,37.9903183,-2.139935069
P0147,Sanitation Project,Water,Completed,Grace Ekidor,Peter Kiprotich,10/06/2023,04/03/2024,415342765,Kitui,38.59790542,-0.557232558
P0148,Referral Hospital,Health,Ongoing,Grace Adan,Peter Otieno,13/05/2025,25/07/2026,1282654076,Kitui,38.60336159,-2.898277812
P0149,Health Center Upgrade,Health,Design,Sarah Noor,Samuel Kibet,10/12/2025,16/07/2027,1640764111,Kitui,38.74846295,-2.247208557
P0150,Innovation Center,ICT,Design,Halima Ekidor,Chebet Mwangi,06/04/2026,14/02/2027,2747073661,Kitui,38.43763814,-1.550447001
P0151,Gishu Biogas Initiative,Energy,Design,Abdi Adan,Samuel Ekal,07/11/2026,13/06/2029,1961980421,Kitui,38.78720959,-0.835039579
P0152,Mini Hydro Project,Energy,Completed,James Kiprotich,Peter Ekidor,14/08/2022,22/04/2023,66042126,Kitui,38.17165467,-1.915493515
P0153,Wind Farm,Energy,Completed,Ahmed Hussein,Ali Kibet,04/01/2023,08/05/2024,1952920985,Kitui,38.43195679,-0.508387947
P0154,Clinic Construction,Health,Ongoing,Halima Adan,Sarah Kibet,22/06/2025,12/06/2027,357800381,Kitui,38.16958739,-1.86026414
P0155,Library Project,Education,Design,Halima Kibet,Samuel Ekal,14/03/2026,19/01/2028,181849877,Kitui,38.07778205,-1.112378854
P0156,Estate Development,Housing,Ongoing,Hassan Hussein,Chebet Chepngeno,03/12/2024,23/12/2027,2932944081,Kitui,38.35143494,-0.947859385
P0157,School Construction,Education,Ongoing,Ahmed Achieng,James Mohamed,07/02/2024,08/02/2027,284957389,Kitui,38.85056299,-0.966028204
P0158,Highway Upgrade,Transport,Design,Chebet Achieng,Fatma Toroitich,27/12/2025,18/08/2027,1344266594,Kitui,38.01640416,-1.652451966
P0159,Library Project,Education,Ongoing,Grace Hassan,Ali Kibet,30/04/2025,16/07/2026,1687985379,Kitui,38.28998292,-0.95021427
P0160,Library Project,Education,Completed,Hassan Toroitich,James Chepngeno,25/07/2024,02/03/2025,2826570636,Kitui,38.5755918,-2.99015531
P0161,Cultural Center,Tourism,Design,Mercy Kibet,Chebet Chebet,03/11/2025,09/11/2026,634152626,Kitui,38.2879556,-2.373722333
P0162,Gishu Health Center Upgrade,Health,Completed,Fatma Toroitich,Mercy Hussein,27/07/2022,14/10/2023,1047499882,Kitui,38.55153181,-2.746860116
P0163,Digital Learning Center,Education,Design,Ahmed Achieng,Joseph Chebet,06/12/2026,06/08/2028,97522644,Kitui,38.38832263,-1.926926876
P0164,Solar Power Plant,Energy,Ongoing,Janet Noor,Chebet Kiprotich,19/01/2024,05/09/2026,352248698,Kitui,38.45469136,-2.834319862
P0165,Digital Hub,ICT,Ongoing,Abdi Abdalla,Joseph Nduku,02/06/2025,07/07/2026,682582496,Kitui,38.08914106,-1.440845663
P0166,Wildlife Conservancy,Tourism,Ongoing,Fatma Ekidor,Sarah Chepngeno,01/03/2025,28/08/2026,761919668,Kitui,38.37994257,-1.925393752
P0167,Wildlife Conservancy,Tourism,Ongoing,Francis Kiprotich,Daniel Hussein,25/09/2024,18/09/2026,1578797717,Kitui,38.52012829,-2.753367799
P0168,Resettlement Housing,Housing,Ongoing,Peter Mutua,Samuel Kiprotich,13/05/2024,06/06/2027,1263318815,Kitui,38.29124611,-1.611729838
P0169,Affordable Housing,Housing,Design,Fatma Hassan,Sarah Onyango,06/11/2025,10/01/2028,25206772,Kitui,38.9295811,-1.333579132
P0170,Irrigation Scheme,Agriculture,Ongoing,Francis Mutua,Ahmed Chebet,01/06/2025,13/02/2026,1895228877,Kitui,38.43250471,-1.981883424
P0171,Bridge Construction,Transport,Design,Sarah Chebet,Peter Ekidor,30/12/2025,24/05/2028,2922108044,Kitui,38.09494086,-1.390474239
P0172,Irrigation Scheme,Agriculture,Completed,Chebet Kibet,Ahmed Nduku,06/11/2023,13/09/2024,1441145965,Kitui,38.37128109,-1.769812085
P0173,E-Government System,ICT,Design,Samuel Chepngeno,Janet Achieng,27/11/2026,02/09/2028,888971036,Kitui,38.03155705,-1.520034799
P0174,Health Center Upgrade,Health,Completed,Fatma Otieno,Abdi Mutua,25/04/2021,22/11/2023,2370095193,Kitui,38.62159191,-2.805002836
P0175,Smart City Project,ICT,Completed,Mercy Otieno,Halima Adan,06/11/2020,31/07/2023,2599560465,Kitui,38.08107623,-0.525594362
P0176,Library Project,Education,Completed,Mercy Mwangi,Halima Mwangi,12/09/2022,15/09/2023,33997183,Kitui,38.04461306,-1.118360799
P0177,Cultural Center,Tourism,Completed,Daniel Mwangi,Janet Abdalla,14/06/2024,14/12/2024,1535052368,Kitui,38.47030088,-2.208344053
P0178,Irrigation Scheme,Agriculture,Design,Hassan Adan,Rose Kibet,01/02/2027,02/09/2029,1646175281,Kitui,38.17358357,-1.31270489
P0179,Wind Farm,Energy,Design,James Onyango,Samuel Nduku,29/07/2026,25/02/2029,2599839940,Kitui,38.30494341,-0.703043986
P0180,Wildlife Conservancy,Tourism,Design,Janet Ekal,Mercy Chebet,03/05/2026,20/10/2028,271696134,Kitui,38.83856111,-0.840899164
P0181,Mini Hydro Project,Energy,Design,Abdi Ekal,Ali Mutua,04/05/2026,25/05/2028,1107409917,Kitui,38.65628677,-1.181193231
P0182,Estate Development,Housing,Design,David Mohamed,Rose Kiprotich,28/09/2026,25/04/2029,827567318,Kitui,38.81957188,-0.763995433
P0183,Water Pipeline,Water,Design,Ali Otieno,Peter Mwangi,20/02/2027,21/01/2029,265124619,Kitui,38.02141081,-0.940448517
P0184,Referral Hospital,Health,Completed,David Cherono,Joseph Adan,20/01/2022,07/08/2023,1482712956,Kitui,38.75722177,-1.170673299
P0185,Innovation Center,ICT,Completed,Sarah Noor,David Toroitich,20/12/2023,23/12/2024,2266193468,Kitui,38.10373955,-0.581621381
P0186,Smart City Project,ICT,Ongoing,Sarah Onyango,Hassan Mutua,02/04/2024,06/07/2027,1322216181,Kitui,38.25303201,-0.30535933
P0187,Cultural Center,Tourism,Design,James Mutua,James Chepngeno,11/02/2027,11/05/2028,2544250125,Kitui,38.38386714,-0.997978571
P0188,Estate Development,Housing,Design,Janet Noor,Chebet Otieno,28/05/2026,18/02/2028,1934908456,Kitui,38.22760171,-0.822856055
P0189,Digital Learning Center,Education,Ongoing,David Hussein,Fatma Nduku,20/03/2024,08/12/2026,1137519414,Kitui,38.48893326,-0.728737225
P0190,Farm Input Program,Agriculture,Ongoing,Ali Toroitich,Rose Kiprotich,08/08/2024,17/09/2026,360389695,Kitui,38.20714159,-2.201754809
P0191,Sanitation Project,Water,Design,Grace Mutua,Sarah Mutua,11/02/2026,19/11/2027,1214431550,Kitui,38.32015622,-0.184123692
P0192,Digital Hub,ICT,Ongoing,Abdi Hussein,David Kibet,25/04/2025,06/04/2027,2371706006,Kitui,38.26124419,-0.829083105
P0193,Smart City Project,ICT,Completed,Ali Kiprotich,James Cherono,05/06/2022,09/02/2025,194918729,Kitui,38.60222169,-2.272193117
P0194,Irrigation Scheme,Agriculture,Ongoing,Francis Abdalla,David Onyango,03/12/2024,28/12/2026,2283689856,Kitui,38.46010901,-1.507018922
P0195,Cultural Center,Tourism,Completed,Sarah Nduku,Abdi Ekidor,04/01/2023,31/07/2024,1341826790,Kitui,38.13887862,-1.881248896
P0196,Eco-Tourism Project,Tourism,Design,Joseph Toroitich,Joseph Toroitich,12/01/2027,07/12/2027,2789172425,Kitui,37.88991471,-1.392447778
P0197,Agro-Processing Plant,Agriculture,Design,Peter Mutua,David Ekidor,15/04/2027,06/02/2029,80237040,Kitui,38.53708246,-2.814913443
P0198,Resettlement Housing,Housing,Design,Rose Toroitich,Daniel Otieno,12/03/2027,31/10/2027,1263881550,Kitui,38.29126886,-1.017576252
P0199,Affordable Housing,Housing,Ongoing,Mercy Kibet,Chebet Mohamed,21/01/2024,02/05/2026,964462700,Kitui,37.99004925,-0.41064349
P0200,Library Project,Education,Design,Peter Toroitich,Fatma Kibet,31/12/2025,28/05/2027,1736399395,Kitui,38.66390333,-2.499425502
P0201,Clinic Construction,Health,Ongoing,Fatma Nduku,Abdi Onyango,18/06/2024,11/05/2028,888195870,Kitui,37.90870942,-0.971633986
P0202,Clinic Construction,Health,Design,Daniel Achieng,Francis Mutua,29/01/2026,05/08/2027,1297137989,Kitui,38.40672808,-2.633721351
P0203,Library Project,Education,Design,Ahmed Mutua,Francis Adan,02/06/2026,11/09/2027,2671665908,Kitui,38.85471706,-1.798277871
P0204,Irrigation Scheme,Agriculture,Ongoing,Janet Hussein,Rose Chebet,29/04/2025,19/01/2028,2376093886,Kitui,38.78389601,-2.994732487
P0205,Water Pipeline,Water,Design,Rose Noor,Peter Ekal,16/08/2026,02/09/2028,2619371029,Kitui,38.49050667,-1.630422592
P0206,Smart City Project,ICT,Completed,Francis Chebet,Ali Onyango,21/03/2021,04/03/2023,130194587,Kitui,38.40275212,-1.899141647
P0207,Bridge Construction,Transport,Design,David Toroitich,Ali Onyango,28/12/2025,23/07/2026,631478634,Kitui,38.59712793,-0.581265611
P0208,Irrigation Scheme,Agriculture,Ongoing,Ali Onyango,Sarah Achieng,12/04/2024,02/05/2027,1217770816,Kitui,38.33191454,-1.927675427
P0209,Biogas Initiative,Energy,Design,Mercy Noor,Grace Achieng,02/02/2027,20/03/2029,2935131968,Kitui,38.85197368,-1.084846761
P0210,Bus Rapid Transit,Transport,Design,Ali Ekal,Mercy Toroitich,09/11/2025,10/02/2028,741152069,Kitui,38.65196089,-2.59127483
P0211,Cultural Center,Tourism,Completed,David Hassan,Hassan Mwangi,17/01/2023,10/04/2025,1078607203,Kitui,38.78544743,-1.370495433
P0212,Mini Hydro Project,Energy,Design,James Otieno,Rose Onyango,30/11/2026,21/02/2029,1451015083,Kitui,38.68262819,-2.094679198
P0213,Wildlife Conservancy,Tourism,Ongoing,Rebecca Kiprotich,Abdi Mohamed,02/09/2024,03/03/2026,379331507,Kitui,38.46188625,-2.321332596
P0214,Affordable Housing,Housing,Ongoing,Grace Mohamed,Francis Hassan,24/12/2024,15/04/2026,327666353,Kitui,38.98687055,-2.988301337
P0215,Affordable Housing,Housing,Design,Fatma Onyango,Rose Ekal,16/05/2026,01/06/2028,2947464732,Kitui,38.67691481,-2.662067626
P0216,Urban Renewal Project,Housing,Ongoing,Rose Chepngeno,Joseph Achieng,11/08/2024,29/07/2027,1100790008,Kitui,38.20913673,-1.290869613
P0217,Water Pipeline,Water,Design,Grace Abdalla,James Kibet,18/01/2026,22/07/2028,2079897255,Kitui,38.54879022,-1.162433511
P0218,Gishu Eco-Tourism Project,Tourism,Ongoing,Abdi Toroitich,Joseph Mwangi,30/01/2024,28/03/2026,2425031265,Kitui,37.94981075,-0.50060932
P0219,Affordable Housing,Housing,Design,Grace Ekidor,Mercy Abdalla,22/01/2026,28/04/2028,624252217,Kitui,38.25596394,-1.83097911
P0220,Library Project,Education,Ongoing,Samuel Chepngeno,Mercy Ekal,24/03/2024,12/03/2027,2593365252,Kitui,37.93024985,-1.798361515
P0221,Technical Institute,Education,Ongoing,Francis Cherono,Sarah Adan,14/01/2025,12/03/2028,1387084660,Kitui,38.86500943,-2.763219186
P0222,Greenhouse Project,Agriculture,Ongoing,Mercy Mutua,Chebet Hassan,14/05/2024,16/11/2027,1161947601,Kitui,38.34615218,-1.570653176
P0223,Medical Supply Chain,Health,Ongoing,Samuel Nduku,Peter Noor,04/04/2025,24/08/2027,1967548328,Kitui,38.69207682,-2.858777204
P0224,Estate Development,Housing,Design,Rose Ekal,James Ekidor,28/05/2026,18/05/2027,2464474252,Kitui,38.35614561,-0.256380308
P0225,Dam Construction,Water,Completed,Rebecca Chebet,James Nduku,03/09/2023,28/04/2025,1233518193,Kitui,38.62201864,-1.123879863
P0226,Dam Construction,Water,Design,Chebet Ekal,Rose Abdalla,06/08/2026,02/02/2027,1731710768,Kitui,38.30905174,-2.002239546
P0227,Biogas Initiative,Energy,Design,Fatma Chebet,Janet Kiprotich,30/10/2025,14/11/2026,2743982157,Kitui,38.9868267,-1.520768205
P0228,Resort Development,Tourism,Completed,Francis Mwangi,Grace Kiprotich,27/10/2022,23/01/2025,1314469555,Kitui,38.37469234,-2.642191297
P0229,Highway Upgrade,Transport,Design,Fatma Mutua,Peter Cherono,22/11/2026,20/05/2028,27270729,Kitui,38.17290696,-0.956309263
P0230,Resettlement Housing,Housing,Completed,Peter Mohamed,Chebet Mutua,09/08/2021,29/11/2023,1361444316,Kitui,38.86539076,-0.920484047
P0231,Library Project,Education,Design,Sarah Cherono,Samuel Ekidor,11/09/2026,21/12/2027,395650731,Kitui,38.17416737,-1.598072854
P0232,Digital Hub,ICT,Completed,Janet Adan,Ali Chebet,09/11/2021,11/07/2024,2281435177,Kitui,38.32584814,-0.324151509
P0233,Library Project,Education,Completed,Rebecca Chebet,Mercy Kiprotich,08/02/2024,03/06/2025,1395677108,Kitui,38.43679833,-0.866843503
P0234,Cultural Center,Tourism,Completed,Sarah Onyango,James Ekal,31/05/2023,07/06/2024,2965783656,Kitui,38.51038546,-1.700357788
P0235,Library Project,Education,Design,Abdi Ekidor,Rebecca Achieng,23/03/2027,06/04/2029,2640527160,Kitui,38.51554849,-2.763621482
P0236,Biogas Initiative,Energy,Completed,Mercy Kibet,Peter Mwangi,03/10/2023,15/09/2024,1774880233,Kitui,38.38808758,-2.438103377
P0237,School Construction,Education,Completed,Hassan Chepngeno,Grace Toroitich,21/03/2024,15/04/2025,441449519,Kitui,38.26716361,-0.103465061
P0238,Digital Learning Center,Education,Completed,Chebet Nduku,Hassan Chebet,08/06/2022,19/02/2023,2544454681,Kitui,38.35639243,-0.542066904
P0239,Sanitation Project,Water,Completed,Daniel Abdalla,Joseph Adan,02/03/2021,18/07/2023,493582468,Kitui,38.65603259,-0.756544825
P0240,Resettlement Housing,Housing,Completed,James Kiprotich,Sarah Nduku,29/08/2021,11/03/2024,923193097,Kitui,38.7144483,-1.770784032
P0241,Digital Learning Center,Education,Ongoing,Hassan Cherono,Daniel Achieng,28/06/2025,09/01/2027,2156069676,Kitui,38.16226888,-1.41919465
P0242,Irrigation Scheme,Agriculture,Completed,Rebecca Hassan,Chebet Adan,09/10/2021,15/01/2024,966886762,Kitui,38.10419029,-2.000812402
P0243,Smart City Project,ICT,Completed,Janet Mohamed,Samuel Abdalla,17/05/2022,03/01/2023,1264213770,Kitui,38.39468652,-0.776645669
P0244,Wind Farm,Energy,Ongoing,Rose Mwangi,Mercy Toroitich,04/12/2024,07/08/2026,2653784306,Kitui,38.82072514,-2.885074533
P0245,Urban Renewal Project,Housing,Ongoing,Chebet Ekal,Sarah Ekidor,01/02/2024,06/06/2027,840112692,Kitui,37.93804288,-0.924572584
P0246,Solar Power Plant,Energy,Completed,Mercy Cherono,Halima Mohamed,31/10/2022,24/03/2024,929313740,Kitui,38.24837464,-2.194696605
P0247,Farm Input Program,Agriculture,Ongoing,Joseph Noor,Hassan Mutua,01/08/2024,18/05/2026,2118681941,Kitui,38.24411665,-1.374663021
P0248,Bus Rapid Transit,Transport,Design,Mercy Otieno,Rose Ekidor,03/02/2027,09/07/2028,236216381,Kitui,38.87939247,-1.876002285
P0249,Health Center Upgrade,Health,Design,Sarah Adan,Rose Adan,03/10/2026,10/10/2028,1420841110,Kitui,38.53587835,-2.708957008
P0250,Bus Rapid Transit,Transport,Ongoing,Janet Ekal,Abdi Ekidor,26/03/2025,02/07/2026,1112437685,Kitui,38.19574575,-0.71437746
P0251,Cultural Center,Tourism,Completed,Samuel Mwangi,Mercy Cherono,13/09/2021,22/07/2023,1139891149,Kitui,38.46819127,-2.630030798
P0252,E-Government System,ICT,Completed,Hassan Nduku,Chebet Kiprotich,01/10/2022,20/05/2023,2683327303,Kitui,38.12434509,-1.247792226
P0253,Gishu Biogas Initiative,Energy,Ongoing,Mercy Chepngeno,Halima Abdalla,04/02/2024,28/06/2026,1720635430,Kitui,38.85841185,-1.886159078
P0254,Borehole Drilling,Water,Completed,Grace Chepngeno,Chebet Chepngeno,08/07/2023,02/02/2024,1949155470,Kitui,38.38222897,-2.340375067
P0255,Farm Input Program,Agriculture,Design,Rebecca Mutua,Grace Noor,08/04/2027,03/06/2029,2234921616,Kitui,38.02461556,-0.754604331
P0256,Estate Development,Housing,Completed,Ahmed Abdalla,Hassan Onyango,24/07/2020,25/03/2023,715476425,Kitui,38.37974809,-2.642939889
P0257,Referral Hospital,Health,Design,Abdi Adan,Hassan Hassan,30/09/2026,11/02/2028,1973696890,Kitui,37.98539923,-0.303452506
P0258,Gishu Resort Development,Tourism,Design,Fatma Hussein,Hassan Noor,30/01/2026,27/06/2027,485661549,Kitui,38.12487589,-1.852674001
P0259,Affordable Housing,Housing,Design,James Chebet,Fatma Nduku,02/11/2026,11/06/2029,568729756,Kitui,38.14673298,-2.034845972
P0260,Wildlife Conservancy,Tourism,Design,Joseph Abdalla,Rose Abdalla,26/10/2026,31/07/2028,1212835889,Kitui,38.39483889,-0.358394469
P0261,Innovation Center,ICT,Ongoing,Fatma Abdalla,Mercy Hassan,14/06/2024,05/04/2028,1540524961,Kitui,38.93696389,-1.266910224
P0262,School Construction,Education,Ongoing,Sarah Toroitich,Janet Ekidor,04/02/2024,15/05/2027,1280853695,Kitui,38.50138222,-2.491118767
P0263,Gishu School Construction,Education,Completed,Grace Chepngeno,James Ekidor,15/06/2021,17/09/2023,2418448209,Kitui,38.93441048,-1.491078496
P0264,Health Center Upgrade,Health,Design,Hassan Cherono,Fatma Achieng,10/11/2026,21/07/2029,783099914,Kitui,38.61432065,-1.500867144
P0265,Cultural Center,Tourism,Ongoing,Sarah Cherono,Janet Chebet,22/04/2025,19/07/2027,181807842,Kitui,38.52887747,-2.186312921
P0266,Gishu Technical Institute,Education,Design,Abdi Cherono,Joseph Nduku,23/11/2025,31/05/2028,638943909,Kitui,38.55244534,-1.205736687
P0267,E-Government System,ICT,Completed,Sarah Chebet,Rebecca Onyango,07/06/2022,19/01/2023,2941114041,Kitui,37.87213148,-0.931550643
P0268,Innovation Center,ICT,Design,Francis Cherono,Halima Kibet,06/02/2026,18/09/2027,548009658,Kitui,38.62886381,-2.052762483
P0269,Resettlement Housing,Housing,Ongoing,Ali Ekal,Ali Mwangi,12/01/2025,28/11/2027,139239336,Kitui,37.93278667,-0.628437895
P0270,Urban Renewal Project,Housing,Ongoing,Hassan Ekal,Rose Mohamed,18/02/2024,03/02/2026,157717477,Kitui,38.79283277,-2.690006307
P0271,Highway Upgrade,Transport,Completed,Peter Hassan,James Hussein,09/12/2022,17/05/2024,2467687033,Kitui,38.04682477,-1.515144276
P0272,Resort Development,Tourism,Design,Grace Cherono,Francis Hussein,17/11/2025,28/02/2027,1686696339,Kitui,38.52710837,-0.359760042
P0273,Health Center Upgrade,Health,Ongoing,Francis Chepngeno,Ahmed Chepngeno,20/05/2024,28/01/2027,1139413335,Kitui,38.40096404,-2.101591853
P0274,Estate Development,Housing,Completed,Hassan Toroitich,Janet Hussein,01/04/2023,18/06/2024,2958826281,Kitui,38.9797725,-1.31676507
P0275,Referral Hospital,Health,Ongoing,Grace Hassan,James Ekal,07/10/2024,25/06/2027,500956200,Kitui,38.84793286,-1.217241739
P0276,Bus Rapid Transit,Transport,Design,Fatma Chepngeno,Grace Onyango,20/06/2026,30/11/2028,2663841972,Kitui,38.08993457,-1.501463047
P0277,Greenhouse Project,Agriculture,Design,Mercy Kibet,Samuel Ekal,05/07/2026,12/07/2028,2347784074,Kitui,38.12130789,-1.869527264
P0278,Urban Renewal Project,Housing,Completed,David Otieno,David Adan,14/08/2022,01/10/2024,1583144127,Kitui,38.65159036,-1.311202743
P0279,School Construction,Education,Design,Ahmed Achieng,Halima Achieng,18/02/2027,24/11/2028,2619198143,Kitui,38.70383376,-1.501618521
P0280,Gishu Water Pipeline,Water,Completed,Daniel Mutua,James Nduku,29/07/2021,12/04/2024,779566279,Kitui,38.38756409,-1.320786374
P0281,Agro-Processing Plant,Agriculture,Design,Janet Toroitich,Janet Hassan,29/11/2026,08/07/2028,1723384116,Kitui,38.78452743,-1.638875308
P0282,Library Project,Education,Completed,Chebet Cherono,David Ekidor,30/09/2022,20/04/2024,2060354528,Kitui,38.539118,-2.20636698
P0283,Gishu Digital Hub,ICT,Design,Fatma Toroitich,Fatma Chepngeno,02/10/2025,13/08/2027,1736271725,Kitui,37.93184899,-1.630559759
P0284,Wildlife Conservancy,Tourism,Design,Janet Achieng,Daniel Abdalla,06/08/2026,15/07/2028,1296834124,Kitui,38.81087872,-0.788381076
P0285,Gishu Resort Development,Tourism,Design,Abdi Adan,Sarah Mutua,08/04/2026,13/11/2026,1729270066,Kitui,38.72037111,-1.306651858
P0286,Bypass Road,Transport,Design,Abdi Otieno,David Ekal,16/04/2026,13/09/2027,1928772210,Kitui,38.71262775,-2.308398995
P0287,Innovation Center,ICT,Design,Halima Onyango,Abdi Mwangi,06/04/2027,28/12/2027,1724136395,Kitui,38.1279897,-1.764230733
P0288,Health Center Upgrade,Health,Ongoing,Peter Ekidor,Ahmed Ekal,29/06/2025,15/07/2027,2209737180,Kitui,38.53709316,-0.878980638
P0289,Dam Construction,Water,Design,Ahmed Mwangi,Francis Abdalla,22/08/2026,19/02/2029,2034380338,Kitui,38.06673676,-1.54744387
P0290,School Construction,Education,Completed,Fatma Ekal,Peter Adan,15/01/2024,08/02/2025,1668691856,Kitui,38.46168396,-1.552990371
P0291,Dam Construction,Water,Design,Mercy Noor,Janet Otieno,11/12/2025,28/12/2026,2039028752,Kitui,38.48413719,-0.440856156
P0292,Biogas Initiative,Energy,Completed,Ali Kiprotich,Samuel Toroitich,23/02/2022,09/04/2024,1570292744,Kitui,38.40753322,-1.18003966
P0293,Greenhouse Project,Agriculture,Completed,Samuel Hussein,Rebecca Mohamed,29/11/2023,04/02/2025,654479614,Kitui,38.3995673,-1.70927981
P0294,Water Pipeline,Water,Ongoing,Francis Mwangi,Rose Hassan,10/05/2024,03/07/2026,497568538,Kitui,38.35540199,-0.245318323
P0295,Urban Renewal Project,Housing,Completed,Peter Otieno,Janet Toroitich,15/10/2023,10/02/2025,978168961,Kitui,38.5106331,-2.448880931
P0296,Eco-Tourism Project,Tourism,Completed,Francis Mohamed,Rebecca Achieng,10/05/2024,26/12/2024,2978830858,Kitui,38.53071017,-1.639238028
P0297,Medical Supply Chain,Health,Design,Sarah Otieno,Sarah Ekidor,02/04/2026,30/08/2028,2693749478,Kitui,38.04042152,-2.113997889
P0298,Dam Construction,Water,Design,David Kibet,Joseph Noor,02/01/2027,10/07/2029,613710790,Kitui,38.61005834,-0.603354699
P0299,Bridge Construction,Transport,Ongoing,Halima Kiprotich,James Onyango,27/01/2024,24/02/2026,945709592,Kitui,37.93493318,-0.842580534
P0300,Agro-Processing Plant,Agriculture,Design,Janet Noor,Halima Ekal,22/03/2026,31/12/2027,899810833,Kitui,37.91650944,-0.53071346
P0301,Medical Supply Chain,Health,Completed,Janet Onyango,Abdi Abdalla,31/05/2022,21/06/2024,2007344561,Kitui,37.83173893,-1.553017535
P0302,Borehole Drilling,Water,Ongoing,Fatma Mwangi,Sarah Onyango,11/05/2024,10/06/2027,2696652992,Kitui,38.20445319,-0.389483021
P0303,School Construction,Education,Design,James Kiprotich,James Adan,21/06/2026,17/07/2028,2483492322,Kitui,38.75808105,-1.200467437
P0304,Health Center Upgrade,Health,Ongoing,Francis Chebet,Rose Kiprotich,30/01/2024,08/02/2028,135454518,Kitui,38.56148424,-2.129250326
P0305,Solar Power Plant,Energy,Design,Janet Ekal,Francis Mwangi,02/12/2026,24/01/2029,1508693880,Kitui,38.4910276,-1.181813198
P0306,Greenhouse Project,Agriculture,Completed,Peter Abdalla,Sarah Chebet,31/10/2020,14/04/2023,333516706,Kitui,38.90187208,-3.015723539
P0307,Digital Hub,ICT,Completed,James Ekidor,Fatma Ekidor,20/08/2023,09/07/2025,2637809165,Kitui,38.33104149,-1.572007188
P0308,Medical Supply Chain,Health,Design,Ali Chebet,Peter Toroitich,02/10/2026,11/10/2028,1275181101,Kitui,38.12740534,-0.628447019
P0309,Library Project,Education,Design,Fatma Hussein,Peter Mwangi,13/12/2025,18/05/2028,1916816306,Kitui,38.62486546,-1.448527706
P0310,Gishu Library Project,Education,Completed,Ahmed Toroitich,Francis Mutua,22/09/2021,18/09/2023,1751300479,Kitui,38.18498851,-1.094369541
P0311,Estate Development,Housing,Design,Peter Hussein,Francis Abdalla,13/11/2025,30/04/2027,434202018,Kitui,38.6922951,-2.921927896
P0312,Bridge Construction,Transport,Ongoing,Rebecca Mutua,Sarah Onyango,18/01/2025,03/10/2025,2644225404,Kitui,38.7167832,-1.457918101
P0313,Farm Input Program,Agriculture,Completed,Samuel Toroitich,Sarah Hussein,05/04/2023,22/10/2024,2728631735,Kitui,38.92183248,-1.419583168
P0314,Digital Hub,ICT,Completed,Janet Mwangi,Janet Abdalla,15/06/2022,24/06/2023,1981561226,Kitui,38.34979715,-1.54786137
P0315,Irrigation Scheme,Agriculture,Design,James Onyango,Fatma Ekal,05/05/2026,24/02/2027,2815038271,Kitui,38.47102614,-1.953705388
P0316,Clinic Construction,Health,Completed,Grace Kibet,Mercy Cherono,28/01/2021,27/05/2023,263229724,Kitui,38.52162887,-1.675896299
P0317,Gishu Borehole Drilling,Water,Design,Samuel Mutua,Grace Ekidor,13/07/2026,08/01/2029,2688126970,Kitui,38.26230266,-0.402730985
P0318,Highway Upgrade,Transport,Ongoing,David Mutua,Abdi Kibet,02/04/2024,30/08/2027,1957158684,Kitui,38.22323569,-2.34939314
P0319,Library Project,Education,Design,Ali Chebet,Halima Noor,23/11/2026,08/09/2027,258866837,Kitui,38.48612737,-1.489285711
P0320,Digital Hub,ICT,Ongoing,Sarah Kiprotich,Daniel Chebet,01/03/2024,21/06/2027,2572824244,Kitui,38.74298931,-1.208463437
P0321,Farm Input Program,Agriculture,Design,Ali Kiprotich,Mercy Adan,26/05/2026,24/11/2027,2038641144,Kitui,38.49064779,-1.027739621
P0322,Borehole Drilling,Water,Completed,Joseph Hussein,Grace Kibet,10/01/2024,01/02/2025,283666849,Kitui,37.99739731,-1.325551095
P0323,Sanitation Project,Water,Completed,Rose Chebet,Rose Noor,09/04/2023,17/05/2024,2703295599,Kitui,38.24542125,-1.358451152
P0324,Medical Supply Chain,Health,Design,Rose Mutua,Halima Mutua,23/10/2025,23/05/2027,1246918973,Kitui,38.2166863,-1.791944248
P0325,Library Project,Education,Ongoing,Ahmed Hassan,Mercy Cherono,07/05/2025,30/03/2027,1854550184,Kitui,38.02148227,-1.333535061
P0326,Eco-Tourism Project,Tourism,Ongoing,Francis Chepngeno,David Toroitich,17/03/2024,15/01/2026,1120311171,Kitui,38.37258754,-0.256757822
P0327,Bypass Road,Transport,Ongoing,Abdi Mwangi,Grace Mohamed,04/08/2024,05/02/2026,1387967036,Kitui,38.55910456,-1.33343039
P0328,Medical Supply Chain,Health,Ongoing,Samuel Abdalla,Chebet Hussein,08/05/2025,15/02/2026,1960255665,Kitui,38.76959162,-2.02508024
P0329,Gishu Urban Renewal Project,Housing,Design,Grace Nduku,Sarah Hussein,27/03/2027,14/07/2028,1120014799,Kitui,38.45415182,-0.430103971
P0330,Cultural Center,Tourism,Completed,Rebecca Nduku,Rebecca Ekal,04/06/2022,14/07/2024,242360818,Kitui,38.67112506,-1.483563579
P0331,Sanitation Project,Water,Ongoing,Janet Mwangi,Rose Kibet,08/08/2024,01/01/2027,2860594587,Kitui,38.71120903,-0.793056469
P0332,Affordable Housing,Housing,Design,Abdi Kibet,Fatma Hussein,04/06/2026,23/06/2028,110240226,Kitui,38.16471507,-2.199210219
P0333,Highway Upgrade,Transport,Completed,Abdi Mohamed,Rebecca Cherono,06/06/2023,29/12/2023,1733678313,Kitui,38.95407403,-1.55827106
P0334,Referral Hospital,Health,Ongoing,Fatma Ekal,Ahmed Achieng,20/07/2024,10/03/2026,648056946,Kitui,38.1765565,-1.383925177
P0335,Innovation Center,ICT,Ongoing,Ali Achieng,Francis Adan,29/05/2024,15/01/2028,2854422613,Kitui,38.44266008,-2.229293805
P0336,Referral Hospital,Health,Completed,Halima Onyango,Daniel Hussein,02/05/2022,21/06/2024,909945390,Kitui,38.33749554,-2.353251018
P0337,Referral Hospital,Health,Design,David Kiprotich,Rebecca Nduku,22/09/2026,10/10/2027,691580428,Kitui,38.52989393,-2.648742585
P0338,Urban Renewal Project,Housing,Ongoing,Abdi Ekidor,Peter Mohamed,09/04/2024,18/05/2026,1666829664,Kitui,38.71417054,-2.642101195
P0339,Digital Hub,ICT,Ongoing,Halima Kibet,Hassan Otieno,06/09/2024,30/06/2027,2930155424,Kitui,38.8835755,-3.032829881
P0340,Resettlement Housing,Housing,Ongoing,Hassan Achieng,Grace Onyango,10/10/2024,12/04/2026,460946355,Kitui,38.66313641,-2.125987593
P0341,Bus Rapid Transit,Transport,Ongoing,Hassan Cherono,Sarah Noor,19/04/2025,15/12/2025,261246120,Kitui,38.04410284,-0.64443918
P0342,Farm Input Program,Agriculture,Ongoing,Grace Abdalla,Grace Otieno,02/05/2025,30/07/2026,1656158462,Kitui,38.9538576,-1.882975767
P0343,E-Government System,ICT,Completed,Hassan Hussein,Fatma Ekal,01/09/2022,18/03/2023,1062678092,Kitui,38.30745303,-1.074723775
P0344,Resettlement Housing,Housing,Completed,Hassan Cherono,Ali Mwangi,14/11/2021,05/06/2023,196749641,Kitui,38.43162565,-2.068818967
P0345,Biogas Initiative,Energy,Completed,Ali Otieno,Halima Kibet,23/10/2020,24/02/2023,156094041,Kitui,38.43677719,-2.091212755
P0346,Digital Hub,ICT,Completed,James Cherono,Ahmed Abdalla,22/11/2020,11/02/2023,2810734822,Kitui,38.63585597,-2.516565271
P0347,Farm Input Program,Agriculture,Design,Rose Otieno,Abdi Hussein,25/11/2025,28/03/2028,1876797862,Kitui,38.55044755,-0.443775487
P0348,Bus Rapid Transit,Transport,Ongoing,Rose Achieng,Ahmed Mwangi,10/08/2024,07/03/2026,2815956715,Kitui,38.3061544,-0.550167032
P0349,Biogas Initiative,Energy,Ongoing,Sarah Hussein,Joseph Abdalla,28/12/2024,11/10/2026,1684050109,Kitui,38.74892948,-2.049325104
P0350,Innovation Center,ICT,Design,Grace Noor,Samuel Ekidor,14/03/2026,02/02/2028,2399877848,Kitui,38.56006359,-2.031712172
P0351,Wind Farm,Energy,Design,Peter Chebet,Ahmed Mwangi,23/02/2027,14/04/2028,2058843449,Kitui,37.97092766,-1.845413396
P0352,Library Project,Education,Completed,Fatma Noor,Mercy Achieng,24/04/2023,04/05/2024,1513816212,Kitui,38.52426361,-1.735843514
P0353,Affordable Housing,Housing,Design,Fatma Mohamed,Francis Mwangi,01/04/2027,11/01/2028,1396507169,Kitui,38.14292103,-0.785081309
P0354,Borehole Drilling,Water,Completed,Ali Ekidor,Abdi Ekal,08/08/2021,17/04/2023,1726753275,Kitui,38.32799766,-2.208680563
P0355,Innovation Center,ICT,Design,Francis Onyango,Peter Kibet,14/09/2026,24/01/2029,2660203172,Kitui,38.88971813,-1.94391596
P0356,Wildlife Conservancy,Tourism,Design,Janet Noor,James Kiprotich,18/04/2027,02/06/2028,2528424962,Kitui,37.80849589,-1.562098173
P0357,E-Government System,ICT,Ongoing,David Nduku,Chebet Chepngeno,21/04/2025,13/03/2028,2687876025,Kitui,37.90653447,-0.596824833
P0358,Highway Upgrade,Transport,Completed,Rose Toroitich,Sarah Nduku,15/04/2023,13/04/2025,2228249449,Kitui,38.21969764,-1.973017352
P0359,Resettlement Housing,Housing,Completed,Daniel Kibet,Janet Cherono,29/08/2020,10/05/2023,1803813846,Kitui,38.94624052,-1.300999445
P0360,Sanitation Project,Water,Design,Abdi Ekidor,James Kiprotich,07/02/2026,13/09/2028,1699928979,Kitui,38.40768719,-1.801424136
P0361,Highway Upgrade,Transport,Ongoing,Mercy Chebet,Mercy Mwangi,16/07/2025,01/06/2026,2664702081,Kitui,38.45652701,-1.471581582
P0362,Bridge Construction,Transport,Ongoing,Joseph Abdalla,Halima Nduku,26/01/2024,18/07/2026,66566509,Kitui,38.35309902,-1.536959098
P0363,Smart City Project,ICT,Completed,James Cherono,Halima Cherono,05/06/2022,11/04/2024,537603644,Kitui,38.92287155,-1.008668138
P0364,Biogas Initiative,Energy,Ongoing,Peter Chepngeno,Samuel Abdalla,29/07/2025,28/07/2027,1153537292,Kitui,38.33012038,-0.893593779
P0365,Greenhouse Project,Agriculture,Completed,Francis Onyango,Rebecca Adan,22/08/2020,08/02/2023,698517502,Kitui,38.9690784,-1.399679415
P0366,Gishu Clinic Construction,Health,Design,James Noor,Daniel Nduku,30/05/2026,12/12/2028,1900319930,Kitui,38.13165014,-0.419310041
P0367,Cultural Center,Tourism,Ongoing,James Hussein,Halima Hassan,10/04/2025,18/09/2026,2746804088,Kitui,38.57493453,-2.36909711
P0368,Mini Hydro Project,Energy,Completed,Abdi Nduku,Grace Mohamed,10/11/2021,05/12/2022,1875618364,Kitui,38.4849767,-1.726596433
P0369,Bridge Construction,Transport,Design,Peter Otieno,Fatma Mwangi,03/08/2026,22/03/2028,1926021661,Kitui,38.99577065,-1.884815337
P0370,Smart City Project,ICT,Completed,Joseph Chepngeno,David Cherono,21/12/2021,30/01/2023,845111713,Kitui,38.71008169,-1.380587634
P0371,Gishu Farm Input Program,Agriculture,Completed,Joseph Onyango,Janet Ekidor,01/05/2021,22/09/2023,290241787,Kitui,38.33215617,-1.288053661
P0372,Medical Supply Chain,Health,Design,Halima Chebet,Ali Cherono,12/11/2026,29/05/2027,665640061,Kitui,38.67925058,-1.916431807
P0373,Health Center Upgrade,Health,Design,Rose Hussein,Grace Ekal,13/09/2026,04/10/2027,2539481264,Kitui,38.61078837,-0.718895156
P0374,Smart City Project,ICT,Completed,Francis Otieno,Fatma Mwangi,11/11/2022,29/11/2023,480286736,Kitui,38.09206617,-1.760481917
P0375,Digital Hub,ICT,Completed,Mercy Hassan,Ahmed Cherono,16/11/2022,02/11/2023,1747470971,Kitui,38.18175021,-1.160016153
P0376,Resort Development,Tourism,Design,Joseph Cherono,Fatma Adan,18/02/2026,25/02/2027,2089302153,Kitui,38.80144415,-1.547020828
P0377,Wind Farm,Energy,Completed,Sarah Ekidor,Grace Kiprotich,08/03/2024,02/06/2025,1880349520,Kitui,38.19583235,-1.733038246
P0378,Medical Supply Chain,Health,Completed,Janet Hussein,Hassan Otieno,15/04/2023,14/04/2024,2840982897,Kitui,38.37789994,-0.475082394
P0379,Borehole Drilling,Water,Ongoing,Fatma Kibet,James Hussein,19/11/2024,01/08/2027,2717362599,Kitui,37.94352052,-1.829973249
P0380,Library Project,Education,Ongoing,Chebet Toroitich,David Mohamed,29/09/2024,09/02/2027,1733997973,Kitui,38.18887277,-2.242262718
P0381,Agro-Processing Plant,Agriculture,Design,Sarah Kiprotich,Sarah Kibet,29/06/2026,16/04/2028,2174759388,Kitui,38.0754427,-1.142717139
P0382,Estate Development,Housing,Completed,Chebet Ekal,Hassan Onyango,10/10/2021,21/03/2024,712384460,Kitui,38.72393414,-1.108397196
P0383,Bridge Construction,Transport,Design,Ali Hussein,Halima Mohamed,29/03/2026,15/06/2028,2082329210,Kitui,38.57371405,-1.408241682
P0384,Affordable Housing,Housing,Design,Ali Achieng,Sarah Abdalla,25/02/2027,08/12/2027,205733401,Kitui,37.73539957,-1.229855506
P0385,E-Government System,ICT,Design,Ahmed Chebet,Rose Mwangi,28/03/2026,07/09/2027,142724653,Kitui,38.68367225,-1.552575292
P0386,Clinic Construction,Health,Design,Sarah Noor,Chebet Abdalla,04/04/2027,15/10/2028,511554213,Kitui,38.63627107,-2.204387329
P0387,Digital Learning Center,Education,Ongoing,Mercy Nduku,Hassan Onyango,24/01/2024,03/10/2027,1825184568,Kitui,38.70521747,-0.585706761
P0388,Innovation Center,ICT,Completed,Grace Mwangi,Ali Ekal,21/10/2021,24/07/2023,2158492639,Kitui,38.63246223,-2.575266299
P0389,Resettlement Housing,Housing,Design,Grace Onyango,Mercy Adan,22/06/2026,05/12/2028,1388539722,Kitui,38.39257189,-2.542277155
P0390,Digital Learning Center,Education,Ongoing,Rebecca Cherono,James Chepngeno,14/10/2024,07/01/2028,2119186284,Kitui,37.91616367,-1.762682105
P0391,Bridge Construction,Transport,Design,Grace Mutua,Daniel Mutua,22/11/2025,03/12/2027,232239453,Kitui,38.51915678,-2.806110758
P0392,Biogas Initiative,Energy,Ongoing,Rebecca Kibet,Samuel Abdalla,17/05/2025,15/11/2025,1752640814,Kitui,38.31482141,-0.203524691
P0393,Gishu Highway Upgrade,Transport,Completed,Daniel Ekidor,Janet Kibet,15/08/2023,22/02/2024,957069075,Kitui,37.98355278,-0.569118857
P0394,Water Pipeline,Water,Design,Fatma Cherono,Francis Nduku,02/11/2025,26/12/2027,1670378535,Kitui,38.3685587,-0.554714419
P0395,Clinic Construction,Health,Ongoing,Rebecca Abdalla,Ahmed Onyango,19/01/2025,19/01/2027,1996207768,Kitui,38.77016624,-1.05903352
P0396,Digital Hub,ICT,Ongoing,Fatma Cherono,Samuel Noor,26/03/2024,22/10/2025,1798592169,Kitui,38.61695999,-2.573704042
P0397,Library Project,Education,Completed,James Chebet,Daniel Mwangi,12/01/2022,21/05/2024,470082810,Kitui,38.36212303,-2.070960961
P0398,Digital Learning Center,Education,Completed,Ahmed Ekal,Janet Mohamed,27/05/2024,25/05/2025,1096748227,Kitui,38.4625481,-2.214135003
P0399,Gishu Clinic Construction,Health,Ongoing,Rose Ekidor,James Mutua,08/03/2025,08/04/2028,865772118,Kitui,38.72145589,-1.92103251
P0400,Bridge Construction,Transport,Ongoing,Francis Abdalla,James Toroitich,04/01/2025,04/05/2026,1949370093,Kitui,37.97703852,-1.07275064
P0401,Clinic Construction,Health,Ongoing,Rebecca Mohamed,Hassan Otieno,22/06/2024,29/03/2027,68669712,Kitui,38.88861272,-1.510440137
P0402,Innovation Center,ICT,Completed,Chebet Nduku,Mercy Achieng,09/12/2023,27/07/2025,2111260556,Kitui,38.25495083,-0.200966862
P0403,Irrigation Scheme,Agriculture,Design,Janet Ekidor,Fatma Ekal,01/10/2025,05/09/2027,259000154,Kitui,38.45994487,-2.781128732
P0404,Borehole Drilling,Water,Design,Chebet Chebet,Chebet Nduku,31/08/2026,26/09/2028,1691096470,Kitui,38.63191877,-2.980834189
P0405,Agro-Processing Plant,Agriculture,Completed,Janet Toroitich,David Achieng,08/04/2023,14/02/2025,1709714747,Kitui,38.16333423,-1.183914473
P0406,Gishu Water Pipeline,Water,Completed,Halima Chebet,Joseph Cherono,17/05/2024,22/04/2025,2351728771,Kitui,38.60635122,-0.972439216
P0407,Cultural Center,Tourism,Completed,Grace Kiprotich,Ali Mutua,07/10/2023,04/08/2024,858333761,Kitui,38.12956077,-1.691945437
P0408,Gishu Technical Institute,Education,Ongoing,Halima Ekidor,Samuel Chebet,22/04/2025,03/09/2026,2337625328,Kitui,38.12525748,-0.668976537
P0409,E-Government System,ICT,Ongoing,Fatma Kibet,Sarah Hussein,05/09/2024,30/05/2027,2393099970,Kitui,38.7486334,-1.04691003
P0410,Eco-Tourism Project,Tourism,Completed,Francis Kibet,Fatma Adan,30/07/2022,17/05/2023,1862375167,Kitui,38.23367623,-0.910282993
P0411,Greenhouse Project,Agriculture,Completed,Hassan Chebet,David Kiprotich,02/09/2022,17/02/2025,1668829642,Kitui,38.6850253,-1.433074975
P0412,Solar Power Plant,Energy,Completed,Ali Achieng,Ahmed Hussein,20/07/2022,19/07/2023,725270878,Kitui,37.89257651,-1.538307435
P0413,,ICT,Design,Ali Achieng,Sarah Hussein,02/11/2026,19/04/2029,997856024,Kitui,38.67946272,-2.188258495
P0414,,Energy,Ongoing,Daniel Hassan,Janet Abdalla,11/12/2024,01/04/2026,973408437,Kitui,37.95917999,-1.666086404
P0415,E-Government System,Health,Ongoing,Mercy Onyango,Hassan Noor,09/03/2024,15/12/2025,567363583,Kitui,38.79603011,-0.750979704
P0416,Biogas Initiative,Transport,Ongoing,Halima Ekal,Janet Otieno,12/12/2024,31/12/2025,976119542,Kitui,38.65683537,-1.147019124
P0417,Clinic Construction,Agriculture,Completed,Rose Adan,Halima Cherono,12/07/2023,30/01/2025,1864818716,Kitui,38.64396106,-2.050108229
P0418,Bypass Road,Health,Design,Joseph Kibet,Joseph Hassan,29/09/2025,02/05/2027,2554613626,Kitui,38.26636089,-0.995846563
P0419,Farm Input Program,Energy,Ongoing,Joseph Hassan,Halima Hussein,01/07/2025,18/03/2026,1680030670,Kitui,38.2567591,-0.686446984
P0420,Medical Supply Chain,Education,Completed,Hassan Toroitich,Joseph Achieng,03/04/2023,18/05/2025,1292076914,Kitui,38.35868107,-2.304360127
P0421,Wind Farm,Energy,Completed,Rose Chepngeno,Chebet Abdalla,15/11/2021,11/12/2023,2444309112,Kitui,38.71375545,-0.661397137
P0422,Technical Institute,Tourism,Design,Grace Toroitich,Joseph Abdalla,05/07/2026,05/10/2028,1247896447,Kitui,38.21543174,-0.734129005
P0423,Gishu Solar Power Plant,Housing,Completed,Janet Ekal,Mercy Kibet,01/05/2023,27/11/2023,79883140,Kitui,37.96935241,-0.917860883
P0424,Eco-Tourism Project,Agriculture,Ongoing,Chebet Adan,Ali Chebet,13/09/2024,01/05/2026,2317403151,Kitui,38.59831613,-2.023610723
P0425,Estate Development,Energy,Design,Fatma Ekidor,Chebet Otieno,23/03/2027,08/11/2029,2555765926,Kitui,38.3638041,-1.054703546
P0426,Gishu Greenhouse Project,Energy,Completed,Joseph Toroitich,Sarah Abdalla,24/01/2021,19/05/2023,2611457989,Kitui,38.3000024,-0.911500751
P0427,Gishu Wind Farm,Energy,Completed,Daniel Adan,James Mohamed,06/05/2022,15/01/2024,928381410,Kitui,38.86567082,-2.054743944
P0428,Solar Power Plant,Agriculture,Design,James Mwangi,James Chebet,16/03/2027,25/07/2028,1775847173,Kitui,38.39884424,-1.650808306
P0429,Mini Hydro Project,Housing,Ongoing,Ahmed Adan,Grace Kibet,27/11/2024,09/04/2028,2493474125,Kitui,38.10071475,-0.32495818
P0430,Farm Input Program,Tourism,Completed,Rebecca Onyango,Janet Chebet,23/04/2021,13/10/2023,1971445112,Kitui,38.08735785,-0.324375667
P0431,Affordable Housing,Housing,Design,David Toroitich,Rebecca Adan,01/03/2026,20/10/2026,2366360995,Kitui,38.29554847,-1.615691939
P0432,Eco-Tourism Project,Housing,Completed,Francis Adan,Grace Ekal,18/08/2022,31/07/2024,457531233,Kitui,38.19967378,-1.674337689
P0433,Resettlement Housing,ICT,Design,Rebecca Mwangi,Chebet Kiprotich,22/11/2026,28/06/2028,735706594,Kitui,38.05103458,-0.518943988
P0434,Resettlement Housing,Transport,Completed,Peter Noor,Peter Ekal,21/04/2023,24/05/2025,639727206,Kitui,38.30090865,-1.581622336
P0435,Gishu Digital Hub,Health,Completed,Peter Ekidor,Chebet Mutua,26/08/2024,01/04/2025,2482178866,Kitui,38.75297972,-0.817032194
P0436,Bypass Road,Tourism,Ongoing,Peter Ekidor,Daniel Mwangi,13/07/2024,15/08/2027,1498507515,Kitui,38.93136559,-1.87553289
P0437,Health Center Upgrade,Transport,Ongoing,Joseph Otieno,Joseph Abdalla,08/03/2024,22/06/2026,2467791199,Kitui,38.2672518,-2.391126459
P0438,Eco-Tourism Project,Health,Design,James Onyango,Chebet Kiprotich,16/04/2026,04/11/2026,253821568,Kitui,38.40170552,-0.951733596
P0439,Bus Rapid Transit,Tourism,Ongoing,Hassan Toroitich,Halima Otieno,16/02/2024,02/11/2026,842146680,Kitui,38.53129787,-2.634181937
P0440,Clinic Construction,Water,Completed,Halima Adan,Peter Onyango,16/07/2021,02/05/2023,2731534810,Kitui,38.13016748,-1.226859839
P0441,Wildlife Conservancy,Education,Ongoing,Rebecca Toroitich,Joseph Ekal,01/12/2024,14/11/2025,466068107,Kitui,38.03228259,-1.223943184
P0442,Water Pipeline,Housing,Completed,Halima Ekidor,Rose Onyango,24/08/2024,02/07/2025,289596868,Kitui,37.95029543,-0.655880151
P0443,Digital Learning Center,Energy,Design,Abdi Adan,Halima Otieno,11/01/2027,16/03/2029,448785658,Kitui,38.46983537,-0.383604502
P0444,Resettlement Housing,Agriculture,Ongoing,Ali Nduku,Mercy Cherono,03/01/2025,05/03/2028,2977523470,Kitui,38.13785944,-1.678223989
P0445,Gishu Biogas Initiative,Water,Design,Chebet Toroitich,Abdi Toroitich,16/08/2026,16/04/2028,2824251002,Kitui,38.52358438,-0.453912665
P0446,Farm Input Program,ICT,Completed,Peter Cherono,Samuel Onyango,04/06/2020,22/01/2023,444335364,Kitui,38.63665093,-1.590962724
P0447,Water Pipeline,Agriculture,Ongoing,Abdi Adan,Samuel Chebet,09/07/2025,23/11/2027,995776524,Kitui,38.95337291,-2.955980831
P0448,Gishu Smart City Project,ICT,Completed,Fatma Mutua,David Cherono,16/03/2023,03/11/2023,294090518,Kitui,38.59160971,-1.515693328
P0449,Farm Input Program,Housing,Ongoing,Janet Noor,Chebet Onyango,03/11/2024,22/01/2028,2880010928,Kitui,37.66907258,-1.115870089
P0450,E-Government System,Transport,Completed,Grace Mohamed,Francis Onyango,30/01/2023,17/09/2024,683517966,Kitui,38.20914323,-1.144378763
P0451,Affordable Housing,Energy,Design,Grace Cherono,Ali Mutua,14/10/2026,15/10/2028,2765246633,Kitui,38.35111691,-0.089241468
P0452,Bus Rapid Transit,Education,Completed,Hassan Abdalla,Daniel Chebet,16/06/2023,20/07/2024,774452751,Kitui,38.88285796,-1.254539397
P0453,Solar Power Plant,Housing,Completed,James Achieng,Francis Chebet,16/05/2022,29/09/2023,540462147,Kitui,38.18084167,-1.380113558
P0454,Gishu Technical Institute,Education,Ongoing,David Ekidor,Samuel Mohamed,21/12/2024,27/12/2026,1462366416,Kitui,38.30744519,-2.41861795
P0455,Affordable Housing,Housing,Design,Rebecca Toroitich,Chebet Toroitich,28/08/2026,14/02/2029,2025000659,Kitui,38.78671159,-1.510028812
P0456,Technical Institute,Health,Design,Grace Ekidor,Grace Otieno,18/03/2026,11/01/2028,244986885,Kitui,38.77929809,-1.497645903
P0457,Resettlement Housing,Energy,Ongoing,Francis Mohamed,Joseph Mohamed,19/03/2024,29/12/2027,2643087803,Kitui,38.62786794,-2.251904291
P0458,Clinic Construction,ICT,Completed,David Adan,Mercy Nduku,23/05/2021,25/08/2023,2240543780,Kitui,38.73447289,-1.969020628
P0459,Mini Hydro Project,Energy,Completed,Janet Cherono,Fatma Chebet,21/06/2022,19/12/2022,1314662465,Kitui,38.06383732,-1.433234516
P0460,Digital Hub,Energy,Design,Sarah Noor,Fatma Mutua,17/12/2026,19/07/2029,489046039,Kitui,38.71303576,-1.134089233
P0461,Solar Power Plant,Energy,Design,Joseph Otieno,Abdi Kibet,09/04/2027,24/10/2028,2259284219,Kitui,38.08793972,-0.726880702
P0462,Wind Farm,ICT,Ongoing,Mercy Kiprotich,Sarah Kibet,04/07/2024,12/05/2027,1080725349,Kitui,38.37380177,-1.817530302
P0463,Mini Hydro Project,Agriculture,Ongoing,Grace Hussein,Chebet Kibet,22/06/2024,09/01/2026,2015584556,Kitui,38.31107242,-0.436852645
P0464,E-Government System,Transport,Ongoing,Samuel Chepngeno,Grace Otieno,07/04/2024,05/06/2026,2722413888,Kitui,38.24360692,-1.800040777
P0465,Irrigation Scheme,Water,Completed,Joseph Ekal,Grace Mwangi,23/12/2022,10/03/2024,2394938255,Kitui,38.01794412,-1.915241133
P0466,Bypass Road,Education,Ongoing,Abdi Adan,Rose Kiprotich,10/04/2024,13/09/2026,1761224268,Kitui,38.40786948,-2.265716886
P0467,Gishu Borehole Drilling,Energy,Ongoing,Francis Chebet,Joseph Mutua,08/02/2024,05/01/2027,2356749653,Kitui,38.0288499,-1.224401785
P0468,Library Project,Education,Completed,Ali Kiprotich,Ali Adan,25/10/2022,24/08/2023,1758847671,Kitui,38.26684456,-0.425732364
P0469,Solar Power Plant,Education,Design,Sarah Chepngeno,Hassan Achieng,21/05/2026,26/08/2027,2767035155,Kitui,38.66220123,-2.892218697
P0470,Digital Learning Center,Energy,Completed,Halima Adan,Francis Ekal,02/08/2021,16/12/2022,1253470721,Kitui,38.94780873,-1.461026828
P0471,Digital Learning Center,Education,Completed,Abdi Mwangi,Fatma Kiprotich,10/08/2022,02/02/2025,2787010245,Kitui,38.69704943,-1.079628949
P0472,Wind Farm,Health,Design,Daniel Ekidor,Rebecca Mutua,25/04/2026,10/04/2027,916571245,Kitui,38.84323104,-2.818115457
P0473,School Construction,Transport,Ongoing,Peter Nduku,Grace Otieno,24/04/2025,11/08/2026,1563397085,Kitui,38.64130342,-1.175723115
P0474,Health Center Upgrade,Energy,Completed,Francis Nduku,Samuel Nduku,11/08/2023,23/05/2025,2042013881,Kitui,38.36103114,-0.490511155
P0475,Bypass Road,Health,Completed,James Chepngeno,Abdi Kiprotich,28/12/2021,24/04/2024,2565357043,Kitui,38.89954175,-1.388775878
P0476,Biogas Initiative,Tourism,Ongoing,Mercy Ekidor,Hassan Chepngeno,24/03/2025,10/03/2028,367170145,Kitui,38.77531813,-2.944894635
P0477,Clinic Construction,Energy,Ongoing,Ali Nduku,Sarah Mutua,02/02/2024,29/11/2026,1783240825,Kitui,38.7439384,-0.913229188
P0478,Resort Development,Housing,Completed,Grace Kiprotich,David Mutua,20/08/2024,23/02/2025,867251462,Kitui,38.00290239,-1.937636223
P0479,Gishu Solar Power Plant,Energy,Ongoing,Halima Mohamed,Joseph Chebet,03/03/2024,20/03/2026,417967388,Kitui,38.79116263,-2.813483486
P0480,Urban Renewal Project,Water,Completed,Francis Chebet,Chebet Toroitich,17/01/2024,18/11/2024,2716724182,Kitui,38.25576765,-0.411855057
P0481,Gishu Solar Power Plant,Water,Completed,Samuel Ekidor,Chebet Onyango,07/05/2023,13/11/2024,2368783813,Kitui,37.99790371,-0.815349879
P0482,Sanitation Project,Health,Design,Rebecca Ekal,Rebecca Chepngeno,03/05/2026,04/06/2028,2426071763,Kitui,38.40857965,-0.811911002
P0483,Sanitation Project,Energy,Design,Chebet Mohamed,Rebecca Achieng,16/11/2026,14/12/2027,99546575,Kitui,38.53939171,-0.614066035
P0484,Clinic Construction,ICT,Design,Abdi Adan,Janet Noor,04/04/2027,04/10/2028,1071164601,Kitui,38.44789386,-0.675839643
P0485,Biogas Initiative,ICT,Design,Fatma Chebet,Chebet Chepngeno,06/11/2025,20/08/2027,575517473,Kitui,38.36784141,-0.739289516
P0486,Innovation Center,Education,Completed,Sarah Noor,Chebet Ekidor,13/12/2023,01/05/2025,2203989322,Kitui,38.32381095,-0.144915469
P0487,E-Government System,Water,Design,Grace Toroitich,Fatma Kibet,25/02/2026,21/06/2028,1702274816,Kitui,38.14400509,-1.455936114
P0488,School Construction,Health,Design,Chebet Chepngeno,Ahmed Mwangi,19/01/2026,01/09/2027,2742238916,Kitui,38.530051,-1.312890872
P0489,Sanitation Project,Energy,Design,Peter Otieno,Sarah Hassan,22/11/2026,10/08/2029,2518511989,Kitui,38.45335696,-0.588176009
P0490,Health Center Upgrade,Energy,Design,Halima Ekidor,Mercy Onyango,05/04/2026,07/12/2028,2914071635,Kitui,38.61540186,-2.884313279
P0491,Biogas Initiative,Energy,Ongoing,Joseph Chepngeno,Rose Otieno,04/03/2024,09/02/2027,835381235,Kitui,38.79123131,-2.274163776
P0492,Mini Hydro Project,Tourism,Design,Rebecca Noor,Hassan Toroitich,22/09/2026,22/11/2028,1962752728,Kitui,38.56073243,-2.277898871
P0493,Mini Hydro Project,Housing,Ongoing,Abdi Mutua,Samuel Toroitich,07/06/2024,15/09/2027,1368977268,Kitui,38.82844731,-0.914288057
P0494,Eco-Tourism Project,Tourism,Design,Ali Achieng,Joseph Hassan,26/02/2026,11/02/2028,1607993800,Kitui,38.18976782,-1.729089798
P0495,Affordable Housing,Agriculture,Design,Ali Chebet,Daniel Mohamed,13/03/2027,12/01/2029,138345552,Kitui,38.2856035,-0.236501742
P0496,Gishu Wildlife Conservancy,Education,Completed,Sarah Kibet,Daniel Kibet,16/05/2020,13/01/2023,154508072,Kitui,38.46302511,-1.05337695
P0497,Greenhouse Project,Water,Completed,Chebet Chebet,Joseph Cherono,11/04/2022,22/06/2024,1894303554,Kitui,37.78061799,-1.118446251
P0498,Digital Learning Center,Water,Ongoing,Halima Mutua,Ali Adan,13/04/2024,17/07/2027,712177375,Kitui,38.19263749,-1.930398798
P0499,Borehole Drilling,Health,Design,Peter Abdalla,Sarah Achieng,25/02/2026,17/06/2028,156899525,Kitui,38.76362305,-1.020080518
P0500,Dam Construction,Water,Completed,Sarah Onyango,Mercy Noor,18/03/2023,05/04/2025,567982965,Kitui,38.42491803,-2.065581852
P0501,Referral Hospital,Housing,Ongoing,Abdi Mohamed,Hassan Mwangi,13/06/2025,01/12/2027,1991459840,Kitui,38.18037295,-2.190955163
P0502,Dam Construction,Tourism,Completed,Mercy Chepngeno,Ahmed Chepngeno,25/09/2022,17/09/2023,2269392716,Kitui,38.09784559,-0.42091618
P0503,Affordable Housing,Housing,Ongoing,Rebecca Chebet,Grace Mutua,28/02/2024,10/03/2026,886803474,Kitui,37.92635882,-0.534680597
P0504,Cultural Center,Education,Ongoing,Janet Noor,Rebecca Abdalla,01/04/2025,08/01/2026,909560185,Kitui,38.8381129,-2.891741938
P0505,Affordable Housing,ICT,Design,Hassan Mwangi,Abdi Mohamed,30/12/2025,27/08/2027,2901645580,Kitui,38.73757721,-1.894097905
P0506,Library Project,Agriculture,Ongoing,Chebet Chepngeno,Grace Mohamed,19/07/2024,29/12/2027,321293345,Kitui,38.63899865,-2.95354247
P0507,Innovation Center,Health,Design,Rebecca Hassan,Fatma Otieno,15/03/2026,15/06/2027,2003321678,Kitui,38.74415055,-1.14767425
P0508,Gishu Agro-Processing Plant,Education,Design,James Kiprotich,Ahmed Onyango,27/03/2026,08/02/2027,1380537874,Kitui,38.61028687,-1.075268649
P0509,Medical Supply Chain,Housing,Ongoing,Ahmed Noor,Joseph Onyango,21/05/2024,12/12/2027,2093960711,Kitui,38.84770433,-0.889589283
P0510,Digital Learning Center,Housing,Completed,Ahmed Adan,Hassan Toroitich,13/02/2022,16/08/2023,602069954,Kitui,38.36149475,-0.701486725
P0511,Urban Renewal Project,Agriculture,Completed,Samuel Achieng,Peter Kiprotich,30/01/2024,30/08/2024,1403182340,Kitui,37.95456526,-1.393714074
P0512,Resettlement Housing,Health,Design,Janet Ekal,Fatma Adan,07/02/2026,29/03/2027,1570362044,Kitui,38.15279159,-0.579229258
P0513,Farm Input Program,Transport,Design,Sarah Mohamed,David Otieno,24/02/2026,03/01/2028,2501670497,Kitui,38.62026568,-2.985249606
P0514,Health Center Upgrade,Health,Completed,Rose Chepngeno,Daniel Hussein,21/06/2021,28/12/2023,65905987,Kitui,38.77995079,-2.6758617
P0515,Bypass Road,Housing,Ongoing,Hassan Mutua,Mercy Adan,02/01/2025,23/02/2028,1156221188,Kitui,38.64047492,-1.044980334
P0516,Medical Supply Chain,Health,Completed,Joseph Kiprotich,Hassan Mutua,07/01/2022,11/07/2023,2549308600,Kitui,38.50925923,-0.42676618
P0517,Urban Renewal Project,Energy,Completed,Ahmed Otieno,Rebecca Hussein,18/03/2022,20/03/2024,2820879415,Kitui,38.32058804,-2.494618731
P0518,Clinic Construction,Water,Ongoing,Rose Kibet,Rebecca Abdalla,17/08/2024,22/08/2027,1108459269,Kitui,38.59012036,-1.142113
P0519,Solar Power Plant,Water,Completed,Daniel Achieng,James Mohamed,18/10/2020,12/12/2022,679079628,Kitui,38.03972098,-2.125311581
P0520,Sanitation Project,Agriculture,Design,Halima Hassan,Halima Kiprotich,04/07/2026,11/11/2027,1610260015,Kitui,38.36665808,-0.427627051
P0521,Water Pipeline,Agriculture,Ongoing,Mercy Toroitich,Hassan Kiprotich,30/01/2024,07/06/2027,2162051512,Kitui,38.68368848,-2.393098363
P0522,Farm Input Program,ICT,Completed,Hassan Mohamed,Ahmed Hussein,08/09/2022,19/05/2025,722323586,Kitui,38.53707791,-1.461551622
P0523,Irrigation Scheme,Education,Completed,Chebet Hassan,Sarah Ekal,03/04/2022,07/04/2023,962412457,Kitui,38.47102516,-2.110890497
P0524,E-Government System,Agriculture,Design,Rebecca Ekal,Sarah Mwangi,23/04/2026,24/06/2027,1879236590,Kitui,38.16855811,-1.106874813
P0525,Technical Institute,Housing,Design,Janet Otieno,Daniel Chepngeno,05/07/2026,14/02/2027,938732383,Kitui,38.84989396,-2.069616537
P0526,Greenhouse Project,Water,Design,Samuel Achieng,Abdi Mohamed,17/10/2025,02/02/2028,2432896366,Kitui,38.50161458,-1.363558359
P0527,Resettlement Housing,Health,Completed,Peter Otieno,Joseph Hassan,22/09/2022,29/06/2024,1421974290,Kitui,38.12451685,-0.44438302
P0528,Dam Construction,Education,Design,Joseph Hassan,Joseph Mutua,01/08/2026,20/01/2029,238226200,Kitui,38.30569672,-2.209256325
P0529,Clinic Construction,Water,Completed,Rose Chepngeno,Rose Mohamed,20/08/2022,10/05/2025,286582171,Kitui,38.41326131,-1.236584073
P0530,Library Project,Agriculture,Design,Fatma Ekidor,James Chepngeno,10/04/2027,07/12/2027,70840655,Kitui,38.58056653,-2.613934547
P0531,Sanitation Project,Transport,Design,Fatma Mwangi,Peter Ekidor,16/10/2026,31/08/2027,2945153546,Kitui,38.07654678,-2.142310832
P0532,Greenhouse Project,ICT,Design,Sarah Ekal,Rebecca Cherono,13/11/2025,13/05/2026,1520362419,Kitui,38.80281102,-2.065902881
P0533,Bridge Construction,Energy,Ongoing,Sarah Otieno,Mercy Otieno,31/05/2025,23/07/2026,1834950770,Kitui,38.17082509,-0.74089719
P0534,Digital Hub,Education,Completed,Janet Ekal,Fatma Abdalla,15/08/2023,25/07/2024,119610292,Kitui,37.95921587,-0.549784115
P0535,Wind Farm,Housing,Design,Ali Nduku,Ali Kibet,23/11/2026,18/02/2029,657678766,Kitui,38.37360681,-1.930140023
P0536,Library Project,Tourism,Ongoing,Francis Abdalla,David Chebet,08/03/2024,18/12/2027,753448860,Kitui,38.49482285,-2.285306278
P0537,Resettlement Housing,Energy,Ongoing,Grace Mutua,Fatma Chebet,29/03/2024,30/08/2026,43198980,Kitui,38.27861748,-1.50565408
P0538,Cultural Center,ICT,Ongoing,Janet Kiprotich,Abdi Cherono,20/01/2025,14/01/2026,2999200416,Kitui,38.78465719,-2.837451912
P0539,Solar Power Plant,Water,Completed,Ali Abdalla,James Adan,29/12/2023,02/04/2025,2273280971,Kitui,38.64968534,-2.183868867
P0540,Digital Hub,Education,Ongoing,Abdi Nduku,Halima Ekidor,29/06/2025,05/04/2027,2328400090,Kitui,38.77041038,-2.728489535
P0541,Dam Construction,Health,Ongoing,Janet Kiprotich,Ali Hassan,02/10/2024,20/08/2027,2555510441,Kitui,38.5945359,-2.965342888
P0542,Library Project,Water,Design,Hassan Abdalla,Francis Toroitich,14/10/2025,21/06/2028,2419977633,Kitui,38.00257277,-1.047521387
P0543,Health Center Upgrade,Health,Completed,David Kibet,Francis Kiprotich,14/12/2021,23/12/2022,2091393123,Kitui,38.34847364,-2.136628367
P0544,Sanitation Project,ICT,Completed,Halima Cherono,Sarah Abdalla,26/07/2021,28/04/2023,1870715499,Kitui,38.1279859,-0.520651301
P0545,Referral Hospital,Energy,Completed,Grace Cherono,Daniel Nduku,09/05/2024,02/04/2025,933313183,Kitui,38.86121907,-0.891361073
P0546,Gishu E-Government System,Transport,Completed,Rebecca Ekidor,Ahmed Mutua,04/06/2022,01/05/2024,1196204476,Kitui,38.41680797,-2.476034487
P0547,Biogas Initiative,Energy,Completed,Samuel Mohamed,Joseph Chebet,06/03/2021,18/09/2023,2694951540,Kitui,38.15337262,-1.505121734
P0548,Bus Rapid Transit,Education,Completed,Hassan Toroitich,Samuel Kiprotich,06/12/2023,13/12/2024,1864668678,Kitui,38.84333738,-1.992377976
P0549,Wind Farm,ICT,Ongoing,Samuel Hassan,Peter Ekidor,15/04/2024,07/09/2027,2658285220,Kitui,37.80834705,-1.487152019
P0550,Technical Institute,ICT,Ongoing,Peter Onyango,Mercy Chebet,28/06/2024,11/05/2028,230331193,Kitui,38.31934032,-1.680793456
P0551,Digital Hub,Health,Design,Ali Ekidor,Halima Ekal,12/02/2026,21/08/2028,2762256530,Kitui,38.70510092,-0.963817073
P0552,Smart City Project,Agriculture,Ongoing,Chebet Mohamed,Janet Cherono,21/01/2024,03/07/2026,1521677177,Kitui,38.9177605,-1.436818311
P0553,Gishu Referral Hospital,ICT,Ongoing,Ali Mohamed,Sarah Chepngeno,18/03/2025,06/02/2027,1362627079,Kitui,38.63576222,-1.299070306
P0554,Agro-Processing Plant,Transport,Completed,Janet Nduku,Daniel Kibet,03/08/2021,19/08/2023,473605289,Kitui,38.76601048,-0.875685067
P0555,Gishu Digital Hub,Education,Completed,Rose Cherono,Daniel Mwangi,17/09/2023,06/12/2024,1996683522,Kitui,38.68825936,-1.0822863
P0556,Bridge Construction,Transport,Ongoing,Janet Kiprotich,Halima Hussein,10/06/2024,26/06/2026,1798327003,Kitui,37.9173279,-1.399333059
P0557,Digital Learning Center,ICT,Design,Joseph Hassan,Francis Ekidor,19/10/2025,06/10/2027,1694031513,Kitui,38.33758052,-2.379458257
P0558,Bus Rapid Transit,ICT,Completed,Francis Abdalla,Peter Noor,20/07/2023,10/04/2024,1924145594,Kitui,38.55799843,-2.455532272
P0559,E-Government System,Water,Completed,Janet Adan,Abdi Ekidor,27/01/2022,19/09/2023,1311944907,Kitui,37.78956297,-1.588724294
P0560,Innovation Center,Energy,Completed,Ali Adan,Joseph Toroitich,12/08/2022,23/02/2023,2518397470,Kitui,38.5609248,-0.750065283
P0561,Dam Construction,Housing,Design,Samuel Mohamed,Mercy Mohamed,02/12/2025,18/11/2026,2464565467,Kitui,38.24787574,-2.270938675
P0562,Mini Hydro Project,Housing,Ongoing,Halima Nduku,David Onyango,23/06/2024,06/03/2028,1461529438,Kitui,38.59874646,-1.478055446
P0563,Affordable Housing,Water,Completed,Mercy Mohamed,Halima Abdalla,11/04/2021,05/01/2024,821827413,Kitui,38.82941396,-1.502281907
P0564,Estate Development,Education,Completed,Ali Chebet,Ahmed Kibet,17/10/2023,09/10/2024,927782506,Kitui,38.55375972,-2.555980432
P0565,Borehole Drilling,Health,Design,David Ekal,Sarah Ekidor,12/12/2026,24/07/2027,1909228599,Kitui,38.5984171,-1.425332998
P0566,Library Project,Health,Completed,Mercy Ekal,Chebet Adan,10/12/2023,28/06/2024,123082964,Kitui,38.16815557,-0.741616755
P0567,Clinic Construction,Transport,Completed,Joseph Toroitich,Hassan Chepngeno,12/05/2022,31/10/2023,96791216,Kitui,38.85657169,-2.941105484
P0568,Clinic Construction,ICT,Completed,Daniel Achieng,Sarah Kibet,02/10/2022,24/05/2024,271148488,Kitui,38.40976245,-1.096966574
P0569,Bypass Road,Health,Completed,Hassan Kiprotich,James Ekal,30/10/2020,22/02/2023,1160918484,Kitui,38.54663363,-0.63703654
P0570,Smart City Project,Health,Design,Rebecca Otieno,Grace Nduku,18/10/2026,28/05/2027,2325346885,Kitui,38.73005909,-0.656139909
P0571,Health Center Upgrade,Energy,Completed,Rebecca Kiprotich,Janet Onyango,25/02/2022,13/12/2022,2979494902,Kitui,38.76658516,-2.160637469
P0572,Referral Hospital,Health,Completed,Sarah Abdalla,Ahmed Nduku,26/02/2023,15/01/2024,1044667888,Kitui,38.93869906,-1.933031719
P0573,Wind Farm,Energy,Completed,Rose Toroitich,Joseph Achieng,18/02/2024,17/08/2024,2734178151,Kitui,38.16387712,-2.218001402
P0574,Medical Supply Chain,Energy,Ongoing,Grace Adan,Rose Kiprotich,26/07/2024,15/02/2027,1611595657,Kitui,38.26570827,-0.872077875
P0575,Solar Power Plant,Housing,Completed,Chebet Mwangi,Hassan Mwangi,27/11/2022,05/11/2024,58863084,Kitui,38.77300672,-2.729201299
P0576,Biogas Initiative,ICT,Completed,Samuel Cherono,James Mutua,13/02/2023,29/11/2024,158923093,Kitui,38.60508044,-0.733321944
P0577,Affordable Housing,Housing,Design,Samuel Kibet,Samuel Hassan,14/01/2027,14/02/2028,1649757238,Kitui,38.34822491,-1.376221129
P0578,Innovation Center,Water,Ongoing,Rose Cherono,Daniel Nduku,13/02/2025,04/08/2026,1195893123,Kitui,37.83424846,-1.274394938
P0579,Urban Renewal Project,ICT,Completed,James Chebet,Ahmed Chebet,14/07/2022,15/05/2023,685005108,Kitui,37.93531156,-1.416128972
P0580,Sanitation Project,Water,Ongoing,James Otieno,Mercy Toroitich,20/03/2025,08/05/2027,830188397,Kitui,38.29706368,-2.472111435
P0581,Digital Hub,Tourism,Design,David Noor,Janet Mutua,05/11/2026,25/10/2028,2587403431,Kitui,38.02816004,-0.695808054
P0582,Dam Construction,Tourism,Ongoing,Ahmed Mwangi,Janet Chepngeno,14/04/2024,24/03/2028,1695322575,Kitui,38.40269429,-2.326513865
P0583,Eco-Tourism Project,Agriculture,Design,Samuel Chepngeno,Fatma Mohamed,23/10/2026,19/09/2027,360471361,Kitui,38.05942706,-0.839002899
P0584,Resort Development,Housing,Design,Rebecca Chepngeno,Rose Mutua,02/01/2026,05/01/2027,2367177714,Kitui,38.25471461,-0.898080157
P0585,Greenhouse Project,ICT,Ongoing,Samuel Nduku,Mercy Chepngeno,18/03/2024,26/08/2026,198505369,Kitui,38.67227451,-2.132555198
P0586,Estate Development,Agriculture,Design,Peter Mohamed,Peter Mwangi,17/02/2026,26/06/2027,1263346027,Kitui,38.30688909,-1.555305406
P0587,Digital Hub,Water,Design,Joseph Hussein,Janet Hussein,26/03/2027,17/10/2027,106587191,Kitui,38.55377483,-1.078587606
P0588,Greenhouse Project,Transport,Completed,Mercy Toroitich,Sarah Cherono,28/04/2022,04/10/2023,2028971012,Kitui,38.06128804,-1.684353936
P0589,Borehole Drilling,Transport,Design,Fatma Otieno,Fatma Hassan,07/02/2027,16/03/2029,1252556715,Kitui,38.03372617,-1.757032144
P0590,Gishu Bridge Construction,Education,Completed,Fatma Ekal,Fatma Ekidor,15/11/2023,24/11/2024,801002706,Kitui,38.80327821,-0.805942853
P0591,Gishu Highway Upgrade,Agriculture,Ongoing,Daniel Mohamed,Peter Adan,06/06/2025,17/12/2025,2951038605,Kitui,38.59984477,-2.444791719
P0592,Gishu Library Project,Agriculture,Design,Daniel Cherono,Chebet Otieno,22/02/2027,10/12/2027,2752388589,Kitui,38.61743765,-1.134810723
P0593,Gishu Farm Input Program,Water,Ongoing,Francis Abdalla,Ahmed Adan,19/01/2025,02/08/2027,2793808927,Kitui,38.91066999,-1.531955036
P0594,Farm Input Program,Energy,Completed,Daniel Mutua,Peter Hussein,30/08/2021,04/07/2023,2795510423,Kitui,38.05113876,-1.767267218
P0595,Water Pipeline,Tourism,Completed,Fatma Ekidor,Halima Ekidor,06/02/2023,20/08/2024,56500808,Kitui,38.13237395,-1.316819635
P0596,Solar Power Plant,Health,Ongoing,Chebet Chepngeno,Rose Mutua,25/01/2024,04/11/2026,1389175953,Kitui,38.40916079,-1.762210853
P0597,Wildlife Conservancy,Health,Design,David Abdalla,Rose Kibet,23/10/2026,05/03/2028,301023601,Kitui,38.14601369,-0.545682642
P0598,Referral Hospital,Education,Completed,James Mutua,Samuel Kiprotich,22/08/2021,29/01/2023,628420039,Kitui,38.96814543,-1.156348009
P0599,Medical Supply Chain,Education,Ongoing,Sarah Ekal,Halima Ekal,30/04/2025,10/03/2027,2450568405,Kitui,38.2417128,-1.345627037
P0600,Library Project,Health,Completed,Ali Ekal,Ahmed Toroitich,11/04/2021,25/11/2023,2182017106,Kitui,38.97286844,-2.91054946
P0601,Library Project,Energy,Ongoing,Ali Ekal,Chebet Kiprotich,28/06/2025,18/12/2027,2514253898,Kitui,38.69375937,-1.348945067
P0602,Medical Supply Chain,Transport,Design,Halima Otieno,Halima Chepngeno,18/02/2027,18/09/2029,2268560842,Kitui,38.18407144,-0.565570809
P0603,Biogas Initiative,Education,Ongoing,Janet Noor,Rebecca Adan,13/02/2025,21/05/2026,962362426,Kitui,38.85414171,-2.152463258
P0604,Bypass Road,ICT,Design,Rose Noor,Samuel Chepngeno,06/02/2026,05/11/2026,2931562048,Kitui,38.42732973,-1.323633701
P0605,Library Project,Housing,Design,Daniel Hassan,Sarah Onyango,24/08/2026,30/10/2028,620215913,Kitui,38.23089778,-0.322967603
P0606,E-Government System,Agriculture,Completed,Rebecca Ekidor,Ahmed Mutua,27/01/2023,23/11/2023,2624321697,Kitui,38.3723905,-1.415400452
P0607,Resettlement Housing,Agriculture,Ongoing,Janet Hassan,Samuel Ekidor,06/05/2025,25/09/2027,2748795646,Kitui,38.42438149,-1.672440953
P0608,Greenhouse Project,Education,Completed,Hassan Kibet,Fatma Hassan,21/01/2023,24/01/2024,2149297312,Kitui,38.88249679,-1.261451374
P0609,Agro-Processing Plant,Health,Ongoing,Fatma Ekidor,Daniel Mohamed,22/07/2025,05/01/2027,453976717,Kitui,37.96844998,-1.712173877
P0610,Technical Institute,ICT,Ongoing,James Nduku,Rebecca Adan,03/04/2025,31/08/2026,2135198223,Kitui,38.80302104,-1.866136906
P0611,Referral Hospital,Health,Ongoing,Ahmed Mutua,David Ekal,05/02/2024,17/10/2026,2292364906,Kitui,38.59417232,-1.899746302
P0612,Smart City Project,Transport,Design,Joseph Mutua,Sarah Chepngeno,06/07/2026,01/12/2027,2823710096,Kitui,38.65631256,-0.896188493
P0613,Referral Hospital,Housing,Ongoing,Abdi Chebet,Mercy Chepngeno,23/06/2025,03/10/2026,1924156187,Kitui,37.92522916,-0.919983987
P0614,Bypass Road,Health,Completed,Grace Toroitich,Janet Toroitich,15/12/2024,24/06/2025,1158733402,Kitui,38.80992351,-2.065857069
P0615,Resettlement Housing,Education,Ongoing,Peter Cherono,Mercy Otieno,02/03/2025,10/01/2026,404410419,Kitui,38.31001902,-1.632619492
P0616,Health Center Upgrade,Energy,Design,David Hassan,Rose Mwangi,19/02/2027,11/07/2029,2481092957,Kitui,38.59789492,-2.56937997
P0617,Digital Learning Center,Education,Completed,Joseph Mohamed,Janet Kiprotich,13/10/2021,26/04/2024,2484584970,Kitui,38.69351121,-2.868356424
P0618,Solar Power Plant,Water,Design,Mercy Chepngeno,Rebecca Nduku,13/01/2026,16/03/2028,2864229543,Kitui,38.56655068,-0.423713373
P0619,Library Project,Agriculture,Completed,Janet Ekal,Fatma Abdalla,08/04/2022,04/12/2023,142957492,Kitui,38.50798962,-2.618244749
P0620,Water Pipeline,Energy,Completed,Chebet Hussein,Samuel Mutua,11/07/2023,18/10/2024,2503347384,Kitui,38.59884673,-2.995980872
P0621,Irrigation Scheme,Energy,Design,Janet Abdalla,Grace Achieng,27/10/2025,09/12/2027,879402272,Kitui,37.85917761,-1.532784256
P0622,Biogas Initiative,Water,Design,Fatma Otieno,Francis Kiprotich,29/03/2027,29/03/2029,493352827,Kitui,38.68134212,-1.452075161
P0623,Biogas Initiative,Tourism,Completed,Rebecca Adan,Mercy Mutua,22/09/2022,28/09/2024,2845093624,Kitui,37.70609061,-1.201208221
P0624,Water Pipeline,Education,Ongoing,Rose Ekal,Janet Adan,07/06/2024,16/08/2027,632804322,Kitui,38.31641133,-0.076848795
P0625,Cultural Center,ICT,Ongoing,Abdi Mutua,Rebecca Chebet,01/09/2024,08/11/2025,2529893681,Kitui,38.42547841,-0.268662885
P0626,Technical Institute,Transport,Design,Ahmed Mohamed,Ali Mwangi,13/01/2026,10/10/2026,1882353726,Kitui,38.13628721,-1.5229639
P0627,E-Government System,Housing,Ongoing,Hassan Mutua,Hassan Toroitich,28/02/2024,22/03/2027,465163067,Kitui,37.74375534,-1.164777292
P0628,Bus Rapid Transit,Education,Design,Joseph Chepngeno,Chebet Otieno,30/01/2027,16/08/2028,646233533,Kitui,38.5695215,-1.907442959
P0629,Affordable Housing,Housing,Completed,Fatma Ekidor,Hassan Kiprotich,09/12/2022,28/09/2024,1712717712,Kitui,38.4352356,-0.477074911
P0630,Library Project,ICT,Ongoing,Ahmed Kiprotich,Fatma Mohamed,31/10/2024,01/08/2026,865659455,Kitui,38.82949886,-1.015136824
P0631,Estate Development,Energy,Ongoing,David Chepngeno,Sarah Kibet,27/02/2024,14/03/2027,2058075281,Kitui,38.06742865,-1.253684581
P0632,E-Government System,Energy,Completed,Hassan Otieno,Mercy Noor,24/06/2022,06/12/2024,629853180,Kitui,38.82740855,-2.974470168
P0633,Biogas Initiative,Transport,Design,Hassan Otieno,Daniel Nduku,24/09/2026,21/09/2027,524135979,Kitui,38.12614478,-0.548883566
P0634,Biogas Initiative,Water,Design,David Nduku,Francis Kiprotich,23/12/2026,30/10/2028,2723358119,Kitui,38.13715848,-1.273188978
P0635,Bypass Road,Education,Ongoing,Sarah Onyango,Rose Ekidor,01/04/2024,28/05/2027,489690619,Kitui,38.5417537,-0.860484298
P0636,Sanitation Project,Transport,Ongoing,David Toroitich,Ahmed Ekal,24/08/2024,10/04/2026,1520337446,Kitui,38.76002228,-1.299120635
P0637,Digital Learning Center,Housing,Ongoing,Mercy Hussein,Janet Mohamed,04/07/2025,23/10/2025,2319340516,Kitui,38.59570406,-2.929870636
P0638,Bridge Construction,Health,Design,Sarah Kibet,James Adan,02/01/2026,08/12/2027,1864532401,Kitui,38.71085324,-0.757451317
P0639,Affordable Housing,Housing,Ongoing,Janet Onyango,Rebecca Onyango,04/08/2024,15/12/2027,1280237182,Kitui,38.39078811,-2.34688731
P0640,Medical Supply Chain,Energy,Completed,Sarah Noor,Grace Noor,07/05/2021,15/01/2024,2199897853,Kitui,38.45528912,-2.413591415
P0641,Urban Renewal Project,Water,Completed,Rebecca Mwangi,Grace Mohamed,11/10/2021,15/03/2024,348370384,Kitui,37.89065507,-1.372568729
P0642,Solar Power Plant,Energy,Design,Samuel Toroitich,Daniel Noor,03/09/2026,17/09/2028,1182432330,Kitui,37.9619892,-1.320961089
P0643,Dam Construction,Agriculture,Ongoing,David Ekidor,Abdi Adan,28/01/2024,05/03/2028,2531362034,Kitui,38.58182585,-1.390938918
P0644,Solar Power Plant,Education,Completed,Mercy Otieno,Hassan Chepngeno,14/05/2022,20/02/2024,2469454678,Kitui,38.66646878,-2.050743127
P0645,Farm Input Program,Energy,Design,Janet Otieno,Samuel Mwangi,27/07/2026,08/01/2029,2097164917,Kitui,38.22102328,-2.380372132
P0646,School Construction,Energy,Completed,Rebecca Toroitich,Peter Achieng,15/07/2020,27/02/2023,760477189,Kitui,37.89828016,-0.872440862
P0647,Mini Hydro Project,Agriculture,Design,Ahmed Onyango,Ahmed Otieno,02/12/2025,16/07/2028,1070365508,Kitui,38.31077828,-1.044996539
P0648,Gishu Biogas Initiative,ICT,Design,Fatma Achieng,Fatma Kiprotich,27/06/2026,21/05/2027,168826583,Kitui,38.47643807,-0.801856949
P0649,Farm Input Program,Energy,Design,Peter Nduku,Ahmed Hassan,14/09/2026,09/07/2028,1653145062,Kitui,38.36439835,-0.162474455
P0650,Digital Hub,Health,Ongoing,Daniel Chepngeno,Hassan Ekidor,06/07/2024,26/01/2027,957195795,Kitui,38.23200542,-0.59803688
P0651,Wind Farm,Water,Design,Ali Otieno,Halima Otieno,12/04/2026,25/07/2027,1031394035,Kitui,38.16546142,-1.079924978
P0652,Health Center Upgrade,ICT,Design,Grace Achieng,Abdi Nduku,04/12/2025,12/11/2027,1626985329,Kitui,37.7413102,-1.185082238
P0653,Gishu Borehole Drilling,Health,Design,Janet Abdalla,Ali Abdalla,03/04/2026,02/11/2028,1649728966,Kitui,37.72971295,-1.238977905
P0654,Smart City Project,Water,Design,Daniel Abdalla,Abdi Abdalla,04/12/2026,25/06/2029,2884261179,Kitui,38.02425096,-0.980486317
P0655,Referral Hospital,Education,Design,Rose Chepngeno,Halima Kibet,17/03/2026,12/09/2027,1232978651,Kitui,38.49724143,-0.733084428
P0656,Sanitation Project,Housing,Ongoing,James Abdalla,Rebecca Toroitich,08/09/2024,14/08/2026,481998409,Kitui,38.02094158,-1.455947345
P0657,Digital Learning Center,ICT,Ongoing,Chebet Toroitich,Samuel Ekal,11/05/2025,23/01/2026,2832291654,Kitui,38.54669557,-2.57332287
P0658,Urban Renewal Project,Agriculture,Completed,Grace Kibet,Sarah Mutua,21/08/2021,29/02/2024,549803481,Kitui,38.77779331,-1.96836172
P0659,Innovation Center,Energy,Ongoing,Mercy Nduku,Abdi Mohamed,24/07/2024,22/01/2027,38397654,Kitui,38.9532048,-1.707137196
P0660,Farm Input Program,Health,Ongoing,Ahmed Chebet,David Achieng,11/09/2024,24/07/2026,1263283189,Kitui,38.33305317,-1.71277893
P0661,Wind Farm,Water,Completed,Hassan Noor,Peter Hassan,29/01/2022,25/06/2023,1199583984,Kitui,38.72205798,-1.508231655
P0662,Referral Hospital,Health,Design,Fatma Achieng,Fatma Ekal,10/03/2027,11/05/2028,1386755970,Kitui,38.61124375,-1.972539347
P0663,Borehole Drilling,Health,Design,Janet Nduku,Joseph Hussein,04/01/2027,18/09/2027,2562371951,Kitui,38.13428863,-1.497950986
P0664,Health Center Upgrade,Tourism,Design,Joseph Ekal,Grace Mutua,08/02/2026,31/07/2028,1349351491,Kitui,38.09869604,-1.412338678
P0665,Gishu Clinic Construction,Housing,Ongoing,Ali Otieno,Peter Kibet,16/05/2025,15/07/2027,733513768,Kitui,38.79379861,-1.670981333
P0666,Wildlife Conservancy,Tourism,Ongoing,James Onyango,Sarah Mutua,10/02/2024,04/10/2027,2337736821,Kitui,38.2319483,-1.546315777
P0667,Affordable Housing,Energy,Completed,Hassan Mohamed,Mercy Achieng,16/10/2022,25/04/2025,2700931438,Kitui,38.75914476,-1.601137807
P0668,Resort Development,Tourism,Ongoing,Francis Onyango,Sarah Mutua,17/06/2024,10/10/2025,163533536,Kitui,38.27753747,-0.823352962
P0669,Wind Farm,Tourism,Design,Mercy Mwangi,Peter Cherono,27/11/2026,26/02/2029,689203742,Kitui,38.47691526,-1.233989771
P0670,Wildlife Conservancy,Housing,Design,James Mutua,Daniel Mutua,16/10/2026,08/01/2028,2010074419,Kitui,37.93078182,-1.339880763
P0671,Wildlife Conservancy,Housing,Design,Ali Kibet,Halima Ekidor,04/08/2026,14/06/2028,2499107589,Kitui,38.54133572,-1.330278077
P0672,Urban Renewal Project,Agriculture,Completed,Rose Cherono,Grace Onyango,02/07/2023,22/02/2025,2980971466,Kitui,38.38064514,-1.020974152
P0673,Urban Renewal Project,Agriculture,Completed,Ahmed Otieno,Grace Adan,26/09/2024,11/05/2025,2194231609,Kitui,38.2909164,-0.739832663
P0674,Farm Input Program,Agriculture,Design,Peter Cherono,Daniel Mohamed,23/08/2026,30/04/2028,2111563686,Kitui,38.45396383,-0.904910977
P0675,Gishu Greenhouse Project,ICT,Completed,Sarah Hassan,Janet Ekal,18/08/2023,05/04/2025,1010949620,Kitui,38.88804748,-1.91590056
P0676,Greenhouse Project,Water,Design,Rose Mutua,Sarah Mohamed,02/09/2026,10/01/2029,2940459969,Kitui,38.44438987,-2.433679694
P0677,Innovation Center,Agriculture,Completed,Grace Otieno,David Chepngeno,18/10/2022,12/06/2024,420898467,Kitui,38.23641426,-1.27717358
P0678,Sanitation Project,Education,Ongoing,Rose Onyango,James Toroitich,01/04/2025,20/11/2026,842275100,Kitui,38.90321012,-1.448060098
P0679,Agro-Processing Plant,Agriculture,Ongoing,Hassan Kiprotich,Sarah Mutua,30/06/2024,26/07/2027,552333560,Kitui,38.29106164,-1.201381298
P0680,Digital Learning Center,Housing,Design,Samuel Nduku,David Mohamed,26/12/2025,17/07/2028,2829823235,Kitui,38.66691689,-2.545777129
P0681,Farm Input Program,ICT,Ongoing,James Ekidor,Fatma Otieno,02/08/2024,19/05/2026,2890796739,Kitui,38.84096165,-1.514797176
P0682,Estate Development,Health,Design,David Achieng,Daniel Mwangi,14/04/2026,21/03/2028,2498498253,Kitui,38.83849915,-1.893572184
P0683,Digital Hub,Energy,Ongoing,Rebecca Onyango,Rebecca Ekal,17/03/2025,03/03/2027,709206473,Kitui,38.18392111,-0.207264979
P0684,Medical Supply Chain,Housing,Ongoing,Ali Chepngeno,Ali Nduku,26/04/2025,02/10/2027,2187093812,Kitui,38.13066217,-2.264607264
P0685,Gishu Biogas Initiative,Energy,Design,Francis Kibet,Samuel Onyango,21/03/2027,05/07/2028,2115145108,Kitui,38.37255442,-0.712063597
P0686,Estate Development,Water,Design,Sarah Noor,Rose Chebet,21/04/2027,20/08/2029,1238721216,Kitui,38.71502679,-2.576850065
P0687,Solar Power Plant,ICT,Completed,Peter Abdalla,Peter Kibet,20/05/2021,19/10/2023,1134901044,Kitui,38.45388363,-1.91361816
P0688,Dam Construction,Transport,Ongoing,Grace Hassan,Mercy Onyango,14/03/2024,21/03/2028,795193434,Kitui,38.26371393,-2.267356811
P0689,Digital Hub,Education,Ongoing,David Hassan,Daniel Mwangi,15/05/2024,19/08/2026,2343729461,Kitui,38.63696107,-0.904410714
P0690,Bridge Construction,Tourism,Ongoing,Abdi Ekal,Ahmed Chepngeno,28/06/2025,26/11/2027,1559134278,Kitui,38.34533318,-2.151889181
P0691,Digital Learning Center,Energy,Ongoing,Mercy Nduku,Daniel Ekal,13/03/2025,11/01/2027,1069467118,Kitui,37.84715181,-1.610379711
P0692,Gishu Wildlife Conservancy,Housing,Ongoing,James Onyango,Mercy Abdalla,27/05/2025,06/06/2026,2056701129,Kitui,38.19750054,-0.187204549
P0693,Gishu Mini Hydro Project,Energy,Completed,Chebet Hussein,Janet Noor,14/09/2022,06/02/2024,1679652414,Kitui,38.5711097,-0.894041356
P0694,Urban Renewal Project,Energy,Ongoing,Mercy Onyango,James Mutua,08/01/2025,12/07/2026,2607369448,Kitui,38.48697407,-2.592965896
P0695,Solar Power Plant,Health,Design,Joseph Toroitich,James Mwangi,13/10/2025,22/08/2026,2228080847,Kitui,38.23790919,-1.623971492
P0696,Solar Power Plant,Tourism,Completed,Hassan Achieng,Fatma Chepngeno,04/11/2021,04/05/2024,2904270329,Kitui,38.51977201,-1.39774443
P0697,Medical Supply Chain,Water,Completed,Daniel Toroitich,Janet Ekal,10/12/2023,30/06/2024,443000780,Kitui,38.70225306,-1.71908698
P0698,Resort Development,Health,Ongoing,Rose Abdalla,Janet Mutua,11/02/2025,06/09/2026,65603255,Kitui,38.66859857,-2.66184542
P0699,Gishu Sanitation Project,Housing,Design,Mercy Mohamed,Chebet Hassan,31/07/2026,26/05/2027,1846765231,Kitui,38.50101289,-0.444551711
P0700,Referral Hospital,Tourism,Ongoing,Hassan Mwangi,Samuel Chebet,10/03/2024,14/11/2027,1811566786,Kitui,37.80208465,-1.357315961
P0701,Urban Renewal Project,Water,Completed,Chebet Mutua,Samuel Hussein,07/06/2022,25/08/2024,2771060941,Kitui,38.53896064,-0.66320464
P0702,Cultural Center,Agriculture,Design,Rebecca Mwangi,Peter Mutua,16/09/2026,08/07/2027,2697379576,Kitui,38.89675662,-1.929089353
P0703,Sanitation Project,Agriculture,Design,Abdi Abdalla,Janet Abdalla,24/11/2025,27/09/2027,572869933,Kitui,38.65251538,-2.981015215
P0704,Agro-Processing Plant,Housing,Design,Francis Kiprotich,Chebet Abdalla,15/02/2026,07/09/2028,1571332162,Kitui,38.22320595,-1.648102062
P0705,Irrigation Scheme,Tourism,Ongoing,Janet Achieng,Hassan Cherono,16/06/2025,02/04/2028,2298246412,Kitui,38.90500851,-1.569367269
P0706,Estate Development,Housing,Design,Mercy Kibet,Halima Mutua,23/01/2027,08/08/2028,447964700,Kitui,38.84916232,-2.037572133
P0707,Eco-Tourism Project,Tourism,Ongoing,Sarah Mutua,Peter Kibet,19/02/2025,04/04/2027,730316798,Kitui,38.21227998,-1.95733516
P0708,Urban Renewal Project,Education,Design,Hassan Kiprotich,Ali Toroitich,19/05/2026,27/12/2026,552908765,Kitui,38.61266638,-1.123032626
P0709,Resort Development,Water,Completed,James Nduku,Ahmed Adan,22/03/2024,23/01/2025,1977559775,Kitui,38.3879974,-0.859427277
P0710,Technical Institute,ICT,Ongoing,Samuel Chebet,Hassan Onyango,22/02/2024,19/05/2028,1148447706,Kitui,37.94687336,-0.537873409
P0711,Water Pipeline,Agriculture,Design,Halima Hussein,Janet Abdalla,28/05/2026,10/09/2027,1669107095,Kitui,38.47588035,-2.317296594
P0712,Smart City Project,Energy,Ongoing,Ali Hassan,Grace Abdalla,22/03/2024,15/02/2027,1695349671,Kitui,38.58611059,-1.704479455
P0713,Gishu Farm Input Program,Tourism,Design,Daniel Abdalla,Mercy Noor,04/07/2026,11/09/2027,173185125,Kitui,38.93235575,-1.880579651
P0714,Solar Power Plant,Education,Ongoing,Francis Ekal,Janet Adan,02/03/2024,19/10/2027,1390641493,Kitui,38.54543764,-2.314913779
P0715,Resort Development,Transport,Ongoing,Francis Adan,Sarah Onyango,01/06/2024,05/12/2027,1273223407,Kitui,37.87551107,-1.68726566
P0716,Technical Institute,Energy,Design,Chebet Mohamed,Grace Ekidor,01/01/2026,22/03/2027,571340559,Kitui,38.35130804,-1.992409064
P0717,Bypass Road,Transport,Design,Mercy Mutua,Francis Otieno,28/12/2025,09/03/2027,677121406,Kitui,38.13062292,-0.677461338
P0718,Biogas Initiative,Health,Design,Mercy Mwangi,Ali Abdalla,30/01/2026,08/07/2027,910006899,Kitui,37.97684801,-1.242681235
P0719,Highway Upgrade,Health,Completed,Sarah Adan,Rose Ekal,09/04/2022,07/12/2023,2635188890,Kitui,38.37630627,-2.329230384
P0720,Medical Supply Chain,Energy,Design,Halima Toroitich,Daniel Onyango,24/07/2026,09/02/2027,280899756,Kitui,38.26712948,-0.279640431
P0721,Referral Hospital,Energy,Ongoing,Abdi Hussein,Daniel Hussein,17/12/2024,24/09/2027,2069787281,Kitui,38.47526,-0.329433883
P0722,Solar Power Plant,Housing,Design,Ali Kiprotich,Ali Otieno,05/08/2026,05/03/2029,1938110245,Kitui,38.32539439,-1.755962475
P0723,Solar Power Plant,Transport,Completed,Samuel Ekal,Francis Noor,02/09/2023,16/10/2024,571038327,Kitui,38.92608672,-1.526964868
P0724,Resettlement Housing,Tourism,Ongoing,Chebet Ekal,Halima Onyango,04/03/2024,11/03/2028,2641834880,Kitui,37.82958387,-1.315395273
P0725,Bypass Road,Tourism,Completed,Ali Mutua,Hassan Kiprotich,26/11/2022,22/04/2024,1860473153,Kitui,38.36077724,-1.92154951
P0726,Eco-Tourism Project,Energy,Ongoing,Hassan Otieno,Ahmed Chebet,07/01/2025,15/10/2026,1451415229,Kitui,38.3249854,-0.208142266
P0727,Resort Development,Housing,Completed,Ali Kibet,Sarah Kibet,28/06/2023,28/09/2024,1384068089,Kitui,38.89196667,-2.01195662
P0728,Solar Power Plant,Health,Ongoing,Fatma Hassan,Chebet Chepngeno,20/04/2024,30/09/2027,407889224,Kitui,38.47624393,-1.53510875
P0729,Gishu Urban Renewal Project,Water,Completed,Abdi Mwangi,Mercy Otieno,19/01/2023,12/07/2024,2777761646,Kitui,38.25879815,-1.584213637
P0730,Gishu Clinic Construction,Energy,Completed,Ali Noor,James Mutua,30/03/2023,09/02/2025,1720680544,Kitui,38.42346316,-0.203573023
P0731,Dam Construction,Transport,Completed,Sarah Hussein,Fatma Cherono,21/03/2023,23/11/2024,1120331575,Kitui,38.52751732,-0.938294449
P0732,Biogas Initiative,Tourism,Design,Sarah Hussein,Francis Ekidor,25/04/2026,13/06/2028,2134985506,Kitui,37.89180441,-0.993699914
P0733,Highway Upgrade,Housing,Design,Hassan Toroitich,Chebet Cherono,04/04/2027,27/08/2029,1519939631,Kitui,38.90151302,-1.373077356
P0734,Eco-Tourism Project,Tourism,Design,Hassan Nduku,Rebecca Chepngeno,23/01/2026,30/07/2026,423589209,Kitui,38.66717692,-2.239705838
